timestamp,mode,endpoint,video_id,prompt_tokens,output_tokens,total_tokens,latency_ms,triggered,note
2026-05-09T08:14:04.711342Z,baseline,analyze_frame,_QVQCHGn0mM,1442,48,1490,3823.7,False,t=4s
2026-05-09T08:14:08.426006Z,baseline,analyze_frame,_QVQCHGn0mM,1442,89,1531,3967.3,False,t=8s
2026-05-09T08:14:12.480296Z,baseline,analyze_frame,_QVQCHGn0mM,1442,69,1511,4066.3,False,t=12s
2026-05-09T08:14:16.755903Z,baseline,analyze_frame,_QVQCHGn0mM,1442,139,1581,4311.0,False,t=16s
2026-05-09T08:14:22.751592Z,baseline,analyze_frame,_QVQCHGn0mM,1442,123,1565,6188.7,False,t=20s
2026-05-09T08:14:24.550247Z,baseline,analyze_frame,_QVQCHGn0mM,1442,89,1531,4051.5,False,t=24s
2026-05-09T08:14:27.501131Z,baseline,analyze_frame,_QVQCHGn0mM,1442,54,1496,3081.1,False,t=28s
2026-05-09T08:14:33.555217Z,baseline,analyze_frame,_QVQCHGn0mM,1442,69,1511,4879.9,False,t=32s
2026-05-09T08:14:36.490914Z,baseline,analyze_frame,_QVQCHGn0mM,1442,75,1517,3954.3,False,t=36s
2026-05-09T08:14:40.105795Z,baseline,analyze_frame,_QVQCHGn0mM,1442,45,1487,3504.0,False,t=40s
2026-05-09T08:14:43.417843Z,baseline,analyze_frame,_QVQCHGn0mM,1442,79,1521,2955.6,False,t=44s
2026-05-09T08:14:48.136344Z,baseline,analyze_frame,_QVQCHGn0mM,1442,119,1561,3644.2,False,t=48s
2026-05-09T08:14:51.558563Z,baseline,analyze_frame,_QVQCHGn0mM,1442,62,1504,3089.4,False,t=52s
2026-05-09T08:14:56.284503Z,baseline,analyze_frame,_QVQCHGn0mM,1442,52,1494,3846.3,False,t=56s
2026-05-09T08:15:00.924888Z,baseline,analyze_frame,_QVQCHGn0mM,1442,57,1499,4072.3,False,t=60s
2026-05-09T08:15:04.289871Z,baseline,analyze_frame,_QVQCHGn0mM,1442,62,1504,3448.9,False,t=64s
2026-05-09T08:15:08.131126Z,baseline,analyze_frame,_QVQCHGn0mM,1442,57,1499,3312.8,False,t=68s
2026-05-09T08:15:12.962599Z,baseline,analyze_frame,_QVQCHGn0mM,1442,66,1508,3777.5,False,t=72s
2026-05-09T08:15:16.801049Z,baseline,analyze_frame,_QVQCHGn0mM,1442,73,1515,3804.9,False,t=76s
2026-05-09T08:15:20.437905Z,baseline,analyze_frame,_QVQCHGn0mM,1442,82,1524,3493.6,False,t=80s
2026-05-09T08:15:25.310812Z,baseline,analyze_frame,_QVQCHGn0mM,1442,84,1526,4275.6,False,t=84s
2026-05-09T08:15:28.092058Z,baseline,analyze_frame,_QVQCHGn0mM,1442,62,1504,3156.4,False,t=88s
2026-05-09T08:15:32.394107Z,baseline,analyze_frame,_QVQCHGn0mM,1442,52,1494,3460.9,False,t=92s
2026-05-09T08:15:36.891340Z,baseline,analyze_frame,_QVQCHGn0mM,1442,86,1528,3923.4,False,t=96s
2026-05-09T08:15:40.527201Z,baseline,analyze_frame,_QVQCHGn0mM,1442,80,1522,3650.4,False,t=100s
2026-05-09T08:15:43.991398Z,baseline,analyze_frame,_QVQCHGn0mM,1442,56,1498,3088.9,False,t=104s
2026-05-09T08:15:48.673198Z,baseline,analyze_frame,_QVQCHGn0mM,1442,65,1507,3686.3,False,t=108s
2026-05-09T08:15:51.975880Z,baseline,analyze_frame,_QVQCHGn0mM,1442,55,1497,3066.9,False,t=112s
2026-05-09T08:15:56.185073Z,baseline,analyze_frame,_QVQCHGn0mM,1442,69,1511,3316.4,False,t=116s
2026-05-09T08:16:00.477243Z,baseline,analyze_frame,_QVQCHGn0mM,1442,58,1500,3550.8,False,t=120s
2026-05-09T08:16:04.370512Z,baseline,analyze_frame,_QVQCHGn0mM,1442,58,1500,3478.6,False,t=124s
2026-05-09T08:16:09.728196Z,baseline,analyze_frame,_QVQCHGn0mM,1442,69,1511,4820.8,False,t=128s
2026-05-09T08:16:12.062094Z,baseline,analyze_frame,_QVQCHGn0mM,1442,74,1516,2986.3,False,t=132s
2026-05-09T08:16:16.818844Z,baseline,analyze_frame,_QVQCHGn0mM,1442,54,1496,3569.4,False,t=136s
2026-05-09T08:16:20.427669Z,baseline,analyze_frame,_QVQCHGn0mM,1442,47,1489,3528.9,False,t=140s
2026-05-09T08:16:26.080547Z,baseline,analyze_frame,_QVQCHGn0mM,1442,67,1509,5117.7,False,t=144s
2026-05-09T08:16:28.316933Z,baseline,analyze_frame,_QVQCHGn0mM,1442,72,1514,3432.3,False,t=148s
2026-05-09T08:16:32.989724Z,baseline,analyze_frame,_QVQCHGn0mM,1442,48,1490,4123.0,False,t=152s
2026-05-09T08:16:36.539726Z,baseline,analyze_frame,_QVQCHGn0mM,1442,66,1508,3459.1,False,t=156s
2026-05-09T08:16:40.021176Z,baseline,analyze_frame,_QVQCHGn0mM,1442,94,1536,3237.1,False,t=160s
2026-05-09T08:16:44.862746Z,baseline,analyze_frame,_QVQCHGn0mM,1442,65,1507,4115.1,False,t=164s
2026-05-09T08:16:47.848749Z,baseline,analyze_frame,_QVQCHGn0mM,1442,72,1514,3149.9,False,t=168s
2026-05-09T08:16:52.083877Z,baseline,analyze_frame,_QVQCHGn0mM,1442,55,1497,3399.7,False,t=172s
2026-05-09T08:16:56.598916Z,baseline,analyze_frame,_QVQCHGn0mM,1442,73,1515,3874.7,False,t=176s
2026-05-09T08:16:59.894190Z,baseline,analyze_frame,_QVQCHGn0mM,1442,54,1496,3068.2,False,t=180s
2026-05-09T08:17:04.475642Z,baseline,analyze_frame,_QVQCHGn0mM,1442,87,1529,3744.9,False,t=184s
2026-05-09T08:17:08.468667Z,baseline,analyze_frame,_QVQCHGn0mM,1442,70,1512,3759.3,False,t=188s
2026-05-09T08:17:12.567517Z,baseline,analyze_frame,_QVQCHGn0mM,1442,86,1528,3828.6,False,t=192s
2026-05-09T08:17:17.807505Z,baseline,analyze_frame,_QVQCHGn0mM,1442,70,1512,4875.1,False,t=196s
2026-05-09T08:17:20.676329Z,baseline,analyze_frame,_QVQCHGn0mM,1442,82,1524,3645.3,False,t=200s
2026-05-09T08:17:25.675332Z,baseline,analyze_frame,_QVQCHGn0mM,1442,73,1515,4664.7,False,t=204s
2026-05-09T08:17:28.671838Z,baseline,analyze_frame,_QVQCHGn0mM,1442,72,1514,3815.6,False,t=208s
2026-05-09T08:17:31.840404Z,baseline,analyze_frame,_QVQCHGn0mM,1442,60,1502,2952.6,False,t=212s
2026-05-09T08:17:36.036705Z,baseline,analyze_frame,_QVQCHGn0mM,1442,55,1497,2982.5,False,t=216s
2026-05-09T08:17:40.935720Z,baseline,analyze_frame,_QVQCHGn0mM,1442,63,1505,3939.4,False,t=220s
2026-05-09T08:17:45.015840Z,baseline,analyze_frame,_QVQCHGn0mM,1442,57,1499,3835.1,False,t=224s
2026-05-09T08:17:47.894832Z,baseline,analyze_frame,_QVQCHGn0mM,1442,53,1495,2848.7,False,t=228s
2026-05-09T08:17:54.040303Z,baseline,analyze_frame,_QVQCHGn0mM,1442,52,1494,5285.2,False,t=232s
2026-05-09T08:17:56.119439Z,baseline,analyze_frame,_QVQCHGn0mM,1442,67,1509,3344.0,False,t=236s
2026-05-09T08:18:01.173296Z,baseline,analyze_frame,_QVQCHGn0mM,1442,60,1502,4344.8,False,t=240s
2026-05-09T08:18:04.276156Z,baseline,analyze_frame,_QVQCHGn0mM,1442,61,1503,3544.0,False,t=244s
2026-05-09T08:18:07.921839Z,baseline,analyze_frame,_QVQCHGn0mM,1442,64,1506,3286.7,False,t=248s
2026-05-09T08:18:12.034264Z,baseline,analyze_frame,_QVQCHGn0mM,1442,55,1497,3296.2,False,t=252s
2026-05-09T08:18:15.933995Z,baseline,analyze_frame,_QVQCHGn0mM,1442,67,1509,3081.9,False,t=256s
2026-05-09T08:18:20.273202Z,baseline,analyze_frame,_QVQCHGn0mM,1442,58,1500,3551.9,False,t=260s
2026-05-09T08:18:24.135613Z,baseline,analyze_frame,_QVQCHGn0mM,1442,53,1495,3290.7,False,t=264s
2026-05-09T08:18:28.645756Z,baseline,analyze_frame,_QVQCHGn0mM,1442,60,1502,3887.1,False,t=268s
2026-05-09T08:18:31.821920Z,baseline,analyze_frame,_QVQCHGn0mM,1442,88,1530,3089.9,False,t=272s
2026-05-09T08:18:38.371419Z,baseline,analyze_frame,_QVQCHGn0mM,1442,63,1505,5537.3,False,t=276s
2026-05-09T08:18:40.489918Z,baseline,analyze_frame,_QVQCHGn0mM,1442,55,1497,3711.6,False,t=280s
2026-05-09T08:18:43.701408Z,baseline,analyze_frame,_QVQCHGn0mM,1442,64,1506,2919.8,False,t=284s
2026-05-09T08:18:47.519133Z,baseline,analyze_frame,_QVQCHGn0mM,1442,62,1504,2684.2,False,t=288s
2026-05-09T08:18:52.138859Z,baseline,analyze_frame,_QVQCHGn0mM,1442,57,1499,3344.3,False,t=292s
2026-05-09T08:18:58.019452Z,baseline,analyze_frame,_QVQCHGn0mM,1442,59,1501,5234.5,False,t=296s
2026-05-09T08:18:59.632753Z,baseline,analyze_frame,_QVQCHGn0mM,1442,56,1498,2818.4,False,t=300s
2026-05-09T08:19:04.160301Z,baseline,analyze_frame,_QVQCHGn0mM,1442,71,1513,3383.1,False,t=304s
2026-05-09T08:19:08.143278Z,baseline,analyze_frame,_QVQCHGn0mM,1442,96,1538,3197.3,False,t=308s
2026-05-09T08:19:12.076388Z,baseline,analyze_frame,_QVQCHGn0mM,1442,71,1513,3225.8,False,t=312s
2026-05-09T08:19:16.570045Z,baseline,analyze_frame,_QVQCHGn0mM,1442,60,1502,3644.8,False,t=316s
2026-05-09T08:19:20.467272Z,baseline,analyze_frame,_QVQCHGn0mM,1442,71,1513,3615.2,False,t=320s
2026-05-09T08:19:24.399968Z,baseline,analyze_frame,_QVQCHGn0mM,1442,79,1521,3514.4,False,t=324s
2026-05-09T08:19:28.755354Z,baseline,analyze_frame,_QVQCHGn0mM,1442,69,1511,3864.1,False,t=328s
2026-05-09T08:19:33.781908Z,baseline,analyze_frame,_QVQCHGn0mM,1442,81,1523,4992.3,False,t=332s
2026-05-09T08:19:35.936617Z,baseline,analyze_frame,_QVQCHGn0mM,1442,85,1527,3140.7,False,t=336s
2026-05-09T08:19:39.920169Z,baseline,analyze_frame,_QVQCHGn0mM,1442,66,1508,3177.1,False,t=340s
2026-05-09T08:19:44.126904Z,baseline,analyze_frame,_QVQCHGn0mM,1442,81,1523,3410.5,False,t=344s
2026-05-09T08:19:48.964463Z,baseline,analyze_frame,_QVQCHGn0mM,1442,87,1529,4136.6,False,t=348s
2026-05-09T08:19:52.699269Z,baseline,analyze_frame,_QVQCHGn0mM,1442,59,1501,3886.4,False,t=352s
2026-05-09T08:19:56.104483Z,baseline,analyze_frame,_QVQCHGn0mM,1442,96,1538,3303.4,False,t=356s
2026-05-09T08:19:59.966095Z,baseline,analyze_frame,_QVQCHGn0mM,1442,37,1479,3104.7,False,t=360s
2026-05-09T08:20:05.687326Z,baseline,analyze_frame,_QVQCHGn0mM,1442,63,1505,4858.0,False,t=364s
2026-05-09T08:20:07.771819Z,baseline,analyze_frame,_QVQCHGn0mM,1442,85,1527,2994.7,False,t=368s
2026-05-09T08:20:12.175497Z,baseline,analyze_frame,_QVQCHGn0mM,1442,58,1500,3225.2,False,t=372s
2026-05-09T08:20:16.420361Z,baseline,analyze_frame,_QVQCHGn0mM,1442,89,1531,3392.0,False,t=376s
2026-05-09T08:20:20.465085Z,baseline,analyze_frame,_QVQCHGn0mM,1442,81,1523,3521.1,False,t=380s
2026-05-09T08:20:24.187684Z,baseline,analyze_frame,_QVQCHGn0mM,1442,71,1513,3197.6,False,t=384s
2026-05-09T08:20:29.043570Z,baseline,analyze_frame,_QVQCHGn0mM,1442,63,1505,3576.5,False,t=388s
2026-05-09T08:20:32.504170Z,baseline,analyze_frame,_QVQCHGn0mM,1442,72,1514,3147.4,False,t=392s
2026-05-09T08:20:36.592265Z,baseline,analyze_frame,_QVQCHGn0mM,1442,55,1497,3115.4,False,t=396s
2026-05-09T08:20:41.050076Z,baseline,analyze_frame,_QVQCHGn0mM,1442,80,1522,3517.8,False,t=400s
2026-05-09T08:20:44.849780Z,baseline,analyze_frame,_QVQCHGn0mM,1442,97,1539,3491.3,False,t=404s
2026-05-09T08:20:48.726541Z,baseline,analyze_frame,_QVQCHGn0mM,1442,47,1489,3352.4,False,t=408s
2026-05-09T08:20:55.288345Z,baseline,analyze_frame,_QVQCHGn0mM,1442,75,1517,6054.3,False,t=412s
2026-05-09T08:20:56.718451Z,baseline,analyze_frame,_QVQCHGn0mM,1442,72,1514,3487.0,False,t=416s
2026-05-09T08:21:01.429392Z,baseline,analyze_frame,_QVQCHGn0mM,1442,76,1518,3788.3,False,t=420s
2026-05-09T08:21:04.299460Z,baseline,analyze_frame,_QVQCHGn0mM,1442,63,1505,2876.8,False,t=424s
2026-05-09T08:21:10.680790Z,baseline,analyze_frame,_QVQCHGn0mM,1442,74,1516,5308.1,False,t=428s
2026-05-09T08:21:13.167430Z,baseline,analyze_frame,_QVQCHGn0mM,1442,68,1510,3617.0,False,t=432s
2026-05-09T08:21:16.629036Z,baseline,analyze_frame,_QVQCHGn0mM,1442,81,1523,3200.7,False,t=436s
2026-05-09T08:21:21.290832Z,baseline,analyze_frame,_QVQCHGn0mM,1442,68,1510,3895.5,False,t=440s
2026-05-09T08:21:24.296387Z,baseline,analyze_frame,_QVQCHGn0mM,1442,67,1509,2957.9,False,t=444s
2026-05-09T08:21:28.868842Z,baseline,analyze_frame,_QVQCHGn0mM,1442,84,1526,3559.9,False,t=448s
2026-05-09T08:21:32.865374Z,baseline,analyze_frame,_QVQCHGn0mM,1442,70,1512,3644.7,False,t=452s
2026-05-09T08:21:36.548836Z,baseline,analyze_frame,_QVQCHGn0mM,1442,71,1513,3234.9,False,t=456s
2026-05-09T08:21:40.747106Z,baseline,analyze_frame,_QVQCHGn0mM,1442,99,1541,3209.6,False,t=460s
2026-05-09T08:21:45.769179Z,baseline,analyze_frame,_QVQCHGn0mM,1442,57,1499,4334.6,False,t=464s
2026-05-09T08:21:50.785279Z,baseline,analyze_frame,_QVQCHGn0mM,1442,75,1517,5297.5,False,t=468s
2026-05-09T08:21:53.391692Z,baseline,analyze_frame,_QVQCHGn0mM,1442,86,1528,4058.2,False,t=472s
2026-05-09T08:21:56.898934Z,baseline,analyze_frame,_QVQCHGn0mM,1442,56,1498,3421.6,False,t=476s
2026-05-09T08:22:00.920198Z,baseline,analyze_frame,_QVQCHGn0mM,1442,75,1517,3404.7,False,t=480s
2026-05-09T08:22:04.914541Z,baseline,analyze_frame,_QVQCHGn0mM,1442,61,1503,3521.7,False,t=484s
2026-05-09T08:22:08.741937Z,baseline,analyze_frame,_QVQCHGn0mM,1442,62,1504,3357.6,False,t=488s
2026-05-09T08:22:13.783194Z,baseline,analyze_frame,_QVQCHGn0mM,1442,66,1508,4117.2,False,t=492s
2026-05-09T08:22:16.525890Z,baseline,analyze_frame,_QVQCHGn0mM,1442,72,1514,3109.7,False,t=496s
2026-05-09T08:22:20.786536Z,baseline,analyze_frame,_QVQCHGn0mM,1442,63,1505,3330.7,False,t=500s
2026-05-09T08:22:24.827097Z,baseline,analyze_frame,_QVQCHGn0mM,1442,90,1532,3305.0,False,t=504s
2026-05-09T08:22:29.158690Z,baseline,analyze_frame,_QVQCHGn0mM,1442,84,1526,3708.2,False,t=508s
2026-05-09T08:22:33.074284Z,baseline,analyze_frame,_QVQCHGn0mM,1442,69,1511,3707.2,False,t=512s
2026-05-09T08:22:36.762103Z,baseline,analyze_frame,_QVQCHGn0mM,1442,80,1522,3259.4,False,t=516s
2026-05-09T08:22:41.163286Z,baseline,analyze_frame,_QVQCHGn0mM,1442,67,1509,3671.7,False,t=520s
2026-05-09T08:22:44.489509Z,baseline,analyze_frame,_QVQCHGn0mM,1442,63,1505,3009.9,False,t=524s
2026-05-09T08:22:49.148986Z,baseline,analyze_frame,_QVQCHGn0mM,1442,61,1503,3578.3,False,t=528s
2026-05-09T08:22:52.633052Z,baseline,analyze_frame,_QVQCHGn0mM,1442,51,1493,3415.1,False,t=532s
2026-05-09T08:22:56.621575Z,baseline,analyze_frame,_QVQCHGn0mM,1442,91,1533,3451.1,False,t=536s
2026-05-09T08:23:00.441511Z,baseline,analyze_frame,_QVQCHGn0mM,1442,79,1521,3204.2,False,t=540s
2026-05-09T08:23:05.009491Z,baseline,analyze_frame,_QVQCHGn0mM,1442,61,1503,3797.9,False,t=544s
2026-05-09T08:23:08.462864Z,baseline,analyze_frame,_QVQCHGn0mM,1442,59,1501,3279.7,False,t=548s
2026-05-09T08:23:12.269596Z,baseline,analyze_frame,_QVQCHGn0mM,1442,68,1510,3026.2,False,t=552s
2026-05-09T08:23:16.877034Z,baseline,analyze_frame,_QVQCHGn0mM,1442,49,1491,3416.5,False,t=556s
2026-05-09T08:23:20.491077Z,baseline,analyze_frame,_QVQCHGn0mM,1442,87,1529,3217.6,False,t=560s
2026-05-09T08:23:24.654582Z,baseline,analyze_frame,_QVQCHGn0mM,1442,73,1515,3345.9,False,t=564s
2026-05-09T08:23:28.475180Z,baseline,analyze_frame,_QVQCHGn0mM,1442,83,1525,3173.5,False,t=568s
2026-05-09T08:23:32.194658Z,baseline,analyze_frame,_QVQCHGn0mM,1442,66,1508,2848.4,False,t=572s
2026-05-09T08:23:38.309100Z,baseline,analyze_frame,_QVQCHGn0mM,1442,67,1509,5024.7,False,t=576s
2026-05-09T08:23:41.768756Z,baseline,analyze_frame,_QVQCHGn0mM,1442,62,1504,4554.3,False,t=580s
2026-05-09T08:23:44.664710Z,baseline,analyze_frame,_QVQCHGn0mM,1442,68,1510,3369.8,False,t=584s
2026-05-09T08:23:49.053782Z,baseline,analyze_frame,_QVQCHGn0mM,1442,52,1494,3763.4,False,t=588s
2026-05-09T08:23:52.536399Z,baseline,analyze_frame,_QVQCHGn0mM,1442,61,1503,3282.0,False,t=592s
2026-05-09T08:23:56.561686Z,baseline,analyze_frame,_QVQCHGn0mM,1442,56,1498,3320.6,False,t=596s
2026-05-09T08:24:01.220115Z,baseline,analyze_frame,_QVQCHGn0mM,1442,70,1512,3883.4,False,t=600s
2026-05-09T08:24:04.721644Z,baseline,analyze_frame,_QVQCHGn0mM,1442,66,1508,3478.3,False,t=604s
2026-05-09T08:24:09.123702Z,baseline,analyze_frame,_QVQCHGn0mM,1442,67,1509,3841.0,False,t=608s
2026-05-09T08:24:13.511641Z,baseline,analyze_frame,_QVQCHGn0mM,1442,65,1507,4061.0,False,t=612s
2026-05-09T08:24:17.529323Z,baseline,analyze_frame,_QVQCHGn0mM,1442,77,1519,4036.9,False,t=616s
2026-05-09T08:24:20.540576Z,baseline,analyze_frame,_QVQCHGn0mM,1442,92,1534,3114.4,False,t=620s
2026-05-09T08:24:28.173065Z,baseline,analyze_frame,_QVQCHGn0mM,1442,84,1526,6715.5,False,t=624s
2026-05-09T08:24:28.487397Z,baseline,analyze_frame,_QVQCHGn0mM,1442,63,1505,3204.1,False,t=628s
2026-05-09T08:24:32.573873Z,baseline,analyze_frame,_QVQCHGn0mM,1442,89,1531,3279.6,False,t=632s
2026-05-09T08:24:36.961406Z,baseline,analyze_frame,_QVQCHGn0mM,1442,84,1526,3571.3,False,t=636s
2026-05-09T08:24:41.545850Z,baseline,analyze_frame,_QVQCHGn0mM,1442,65,1507,4238.0,False,t=640s
2026-05-09T08:24:47.051617Z,baseline,analyze_frame,_QVQCHGn0mM,1442,146,1588,5745.9,False,t=644s
2026-05-09T08:24:48.924085Z,baseline,analyze_frame,_QVQCHGn0mM,1442,71,1513,3565.7,False,t=648s
2026-05-09T08:24:53.991611Z,baseline,analyze_frame,_QVQCHGn0mM,1442,81,1523,4688.1,False,t=652s
2026-05-09T08:25:01.228631Z,baseline,analyze_frame,_QVQCHGn0mM,1442,122,1564,7957.1,False,t=656s
2026-05-09T08:25:02.635520Z,baseline,analyze_frame,_QVQCHGn0mM,1442,113,1555,5297.5,False,t=660s
2026-05-09T08:25:10.666000Z,baseline,analyze_frame,_QVQCHGn0mM,1442,64,1506,5337.2,False,t=668s
2026-05-09T08:25:16.073310Z,baseline,analyze_frame,_QVQCHGn0mM,1442,73,1515,6618.3,False,t=672s
2026-05-09T08:25:19.165119Z,baseline,analyze_frame,_QVQCHGn0mM,1442,63,1505,5685.3,False,t=676s
2026-05-09T08:25:30.219975Z,baseline,analyze_frame,_QVQCHGn0mM,1442,60,1502,8764.2,False,t=684s
2026-05-09T08:25:31.194783Z,baseline,analyze_frame,_QVQCHGn0mM,1442,59,1501,5819.9,False,t=688s
2026-05-09T08:25:39.440134Z,baseline,analyze_frame,_QVQCHGn0mM,1442,78,1520,6033.8,False,t=696s
2026-05-09T08:25:42.347871Z,baseline,analyze_frame,_QVQCHGn0mM,1442,84,1526,4922.3,False,t=700s
2026-05-09T08:25:47.120115Z,baseline,analyze_frame,_QVQCHGn0mM,1442,53,1495,5719.2,False,t=704s
2026-05-09T08:25:54.914987Z,baseline,analyze_frame,_QVQCHGn0mM,1442,54,1496,5483.9,False,t=712s
2026-05-09T08:25:55.911065Z,baseline,analyze_frame,_QVQCHGn0mM,1442,53,1495,10511.2,False,t=708s
2026-05-09T08:26:02.171144Z,baseline,analyze_frame,_QVQCHGn0mM,1442,60,1502,4725.6,False,t=720s
2026-05-09T08:26:06.491013Z,baseline,analyze_frame,_QVQCHGn0mM,1442,65,1507,5057.6,False,t=725s
2026-05-09T08:26:10.057631Z,baseline,analyze_frame,_QVQCHGn0mM,1442,59,1501,4691.3,False,t=729s
2026-05-09T08:26:15.932083Z,baseline,analyze_frame,_QVQCHGn0mM,1442,53,1495,6507.1,False,t=733s
2026-05-09T08:26:19.953718Z,baseline,analyze_frame,_QVQCHGn0mM,1442,57,1499,6324.3,False,t=737s
2026-05-09T08:26:24.565115Z,baseline,analyze_frame,_QVQCHGn0mM,1442,76,1518,7022.7,False,t=741s
2026-05-09T08:26:28.286453Z,baseline,analyze_frame,_QVQCHGn0mM,1442,79,1521,6688.4,False,t=745s
2026-05-09T08:26:31.563575Z,baseline,analyze_frame,_QVQCHGn0mM,1442,68,1510,6023.9,False,t=749s
2026-05-09T08:26:35.152871Z,baseline,analyze_frame,_QVQCHGn0mM,1442,67,1509,5713.8,False,t=753s
2026-05-09T08:26:38.091447Z,baseline,analyze_frame,_QVQCHGn0mM,1442,47,1489,4524.7,False,t=757s
2026-05-09T08:26:42.109711Z,baseline,analyze_frame,_QVQCHGn0mM,1442,79,1521,4640.8,False,t=761s
2026-05-09T08:26:48.145047Z,baseline,analyze_frame,_QVQCHGn0mM,1442,61,1503,6720.2,False,t=765s
2026-05-09T08:26:50.313082Z,baseline,analyze_frame,_QVQCHGn0mM,1442,65,1507,4837.2,False,t=769s
2026-05-09T08:26:58.035840Z,baseline,analyze_frame,_QVQCHGn0mM,1442,57,1499,8530.1,False,t=773s
2026-05-09T08:26:59.475133Z,baseline,analyze_frame,_QVQCHGn0mM,1442,65,1507,5936.6,False,t=777s
2026-05-09T08:27:10.983542Z,baseline,analyze_frame,_QVQCHGn0mM,1442,71,1513,9365.9,False,t=785s
2026-05-09T08:27:12.481654Z,baseline,analyze_frame,_QVQCHGn0mM,1442,33,1475,6890.2,False,t=789s
2026-05-09T08:27:18.929466Z,baseline,analyze_frame,_QVQCHGn0mM,1442,90,1532,5294.8,False,t=797s
2026-05-09T08:27:22.122215Z,baseline,analyze_frame,_QVQCHGn0mM,1442,43,1485,4635.9,False,t=801s
2026-05-09T08:27:27.572156Z,baseline,analyze_frame,_QVQCHGn0mM,1442,51,1493,6027.0,False,t=805s
2026-05-09T08:27:31.280421Z,baseline,analyze_frame,_QVQCHGn0mM,1442,67,1509,5765.7,False,t=809s
2026-05-09T08:27:38.600664Z,baseline,analyze_frame,_QVQCHGn0mM,1442,76,1518,9122.4,False,t=813s
2026-05-09T08:27:40.893991Z,baseline,analyze_frame,_QVQCHGn0mM,1442,87,1529,7286.4,False,t=817s
2026-05-09T08:27:47.332578Z,baseline,analyze_frame,_QVQCHGn0mM,1442,91,1533,5626.7,False,t=825s
2026-05-09T08:27:50.950105Z,baseline,analyze_frame,_QVQCHGn0mM,1442,77,1519,5224.7,False,t=829s
2026-05-09T08:27:57.069989Z,baseline,analyze_frame,_QVQCHGn0mM,1442,71,1513,7379.5,False,t=833s
2026-05-09T08:27:58.309892Z,baseline,analyze_frame,_QVQCHGn0mM,1442,52,1494,4694.6,False,t=837s
2026-05-09T08:28:07.521079Z,baseline,analyze_frame,_QVQCHGn0mM,1442,64,1506,5665.2,False,t=845s
2026-05-09T08:28:13.329052Z,baseline,analyze_frame,_QVQCHGn0mM,1442,76,1518,7497.2,False,t=849s
2026-05-09T08:28:24.874157Z,baseline,analyze_frame,_QVQCHGn0mM,1442,51,1493,6895.5,False,t=861s
2026-05-09T08:28:29.716931Z,baseline,analyze_frame,_QVQCHGn0mM,1442,181,1623,19706.0,False,t=853s
2026-05-09T08:28:32.979104Z,baseline,analyze_frame,_QVQCHGn0mM,1442,64,1506,7210.3,False,t=869s
2026-05-09T08:28:45.190301Z,baseline,analyze_frame,_QVQCHGn0mM,1442,76,1518,7406.3,False,t=881s
2026-05-09T08:28:52.689328Z,baseline,analyze_frame,_QVQCHGn0mM,1442,91,1533,18875.7,False,t=877s
2026-05-09T08:29:01.797167Z,baseline,analyze_frame,_QVQCHGn0mM,1442,60,1502,11934.5,False,t=893s
2026-05-09T08:29:08.170801Z,baseline,analyze_frame,_QVQCHGn0mM,1442,24,1466,14343.9,False,t=897s
2026-05-09T08:29:13.559825Z,baseline,analyze_frame,_QVQCHGn0mM,1442,76,1518,7747.4,False,t=909s
2026-05-09T08:29:19.268785Z,baseline,analyze_frame,_QVQCHGn0mM,1442,100,1542,9356.2,False,t=913s
2026-05-09T08:29:22.416622Z,baseline,analyze_frame,_QVQCHGn0mM,1442,40,1482,4287.3,False,t=921s
2026-05-09T08:29:28.313473Z,baseline,analyze_frame,_QVQCHGn0mM,1442,45,1487,6389.6,False,t=925s
2026-05-09T08:29:36.183559Z,baseline,analyze_frame,_QVQCHGn0mM,1442,67,1509,6280.0,False,t=933s
2026-05-09T08:29:45.758746Z,baseline,analyze_frame,_QVQCHGn0mM,1442,80,1522,7873.5,False,t=941s
2026-05-09T08:29:48.738286Z,baseline,analyze_frame,_QVQCHGn0mM,1442,45,1487,22834.0,False,t=929s
2026-05-09T08:30:05.117607Z,baseline,analyze_frame,_QVQCHGn0mM,1442,97,1539,11181.7,False,t=957s
2026-05-09T08:30:07.805119Z,baseline,analyze_frame,_QVQCHGn0mM,1442,54,1496,17568.2,False,t=953s
2026-05-09T08:30:09.743345Z,baseline,analyze_frame,_QVQCHGn0mM,1442,83,1525,3379.3,False,t=969s
2026-05-09T08:30:14.255701Z,baseline,analyze_frame,_QVQCHGn0mM,1442,62,1504,4094.8,False,t=973s
2026-05-09T08:30:30.450216Z,baseline,analyze_frame,_QVQCHGn0mM,1442,71,1513,16126.8,False,t=977s
2026-05-09T08:30:30.450266Z,baseline,analyze_frame,_QVQCHGn0mM,1442,61,1503,12319.0,False,t=981s
2026-05-09T08:30:58.438947Z,baseline,analyze_frame,_QVQCHGn0mM,1442,70,1512,24321.2,False,t=997s
2026-05-09T08:31:06.879010Z,baseline,analyze_frame,_QVQCHGn0mM,1442,66,1508,28918.4,False,t=1001s
2026-05-09T08:31:13.213395Z,baseline,analyze_frame,_QVQCHGn0mM,1442,90,1532,11058.9,False,t=1025s
2026-05-09T08:31:19.201411Z,baseline,analyze_frame,_QVQCHGn0mM,1442,124,1566,9037.1,False,t=1033s
2026-05-09T08:31:21.178969Z,baseline,analyze_frame,_QVQCHGn0mM,1442,87,1529,7071.6,False,t=1037s
2026-05-09T08:31:43.299800Z,baseline,analyze_frame,_QVQCHGn0mM,1442,144,1586,21205.2,False,t=1045s
2026-05-09T08:31:59.647063Z,baseline,analyze_frame,_QVQCHGn0mM,1442,87,1529,13536.4,False,t=1069s
2026-05-09T08:32:00.155780Z,baseline,analyze_frame,_QVQCHGn0mM,1442,69,1511,34084.1,False,t=1049s
2026-05-09T08:32:09.601994Z,baseline,analyze_frame,_QVQCHGn0mM,1442,56,1498,7512.7,False,t=1085s
2026-05-09T08:32:29.312800Z,baseline,analyze_frame,_QVQCHGn0mM,1442,71,1513,14855.6,False,t=1097s
2026-05-09T08:32:42.936578Z,baseline,analyze_frame,_QVQCHGn0mM,1442,69,1511,36713.5,False,t=1089s
2026-05-09T08:32:47.843179Z,baseline,analyze_frame,_QVQCHGn0mM,1442,61,1503,17684.2,False,t=1113s
2026-05-09T08:32:55.623010Z,baseline,analyze_frame,_QVQCHGn0mM,1442,68,1510,9295.5,False,t=1129s
2026-05-09T08:33:07.391727Z,baseline,analyze_frame,_QVQCHGn0mM,1442,69,1511,17167.6,False,t=1133s
2026-05-09T08:33:11.615429Z,baseline,analyze_frame,_QVQCHGn0mM,1442,71,1513,13421.8,False,t=1141s
2026-05-09T08:33:19.145507Z,baseline,analyze_frame,_QVQCHGn0mM,1442,63,1505,8919.7,False,t=1153s
2026-05-09T08:33:22.494401Z,baseline,analyze_frame,_QVQCHGn0mM,1442,61,1503,7959.2,False,t=1157s
2026-05-09T08:33:42.720017Z,baseline,analyze_frame,_QVQCHGn0mM,1442,54,1496,16236.2,False,t=1169s
2026-05-09T08:33:50.045120Z,baseline,analyze_frame,_QVQCHGn0mM,1442,55,1497,27794.0,False,t=1165s
2026-05-09T08:33:55.235021Z,baseline,analyze_frame,_QVQCHGn0mM,1442,44,1486,8455.0,False,t=1189s
2026-05-09T08:34:11.519619Z,baseline,analyze_frame,_QVQCHGn0mM,1442,61,1503,12854.1,False,t=1201s
2026-05-09T08:34:39.107215Z,baseline,analyze_frame,_QVQCHGn0mM,1442,62,1504,44526.5,False,t=1197s
2026-05-09T08:34:40.757652Z,baseline,analyze_frame,_QVQCHGn0mM,1442,63,1505,25841.0,False,t=1217s
2026-05-09T08:34:51.515147Z,baseline,analyze_frame,_QVQCHGn0mM,1442,68,1510,9055.0,False,t=1245s
2026-05-09T08:34:53.744479Z,baseline,analyze_frame,_QVQCHGn0mM,1442,66,1508,7248.2,False,t=1249s
2026-05-09T08:35:24.635208Z,baseline,analyze_frame,_QVQCHGn0mM,1442,60,1502,30177.6,False,t=1257s
2026-05-09T08:35:24.635418Z,baseline,analyze_frame,_QVQCHGn0mM,1442,51,1493,26212.8,False,t=1261s
2026-05-09T08:35:59.260522Z,baseline,analyze_frame,_QVQCHGn0mM,1442,58,1500,32566.7,False,t=1289s
2026-05-09T08:36:04.958148Z,baseline,analyze_frame,_QVQCHGn0mM,1442,59,1501,34453.3,False,t=1293s
2026-05-09T08:36:11.395978Z,baseline,analyze_frame,_QVQCHGn0mM,1442,52,1494,8826.6,False,t=1326s
2026-05-09T08:36:14.588817Z,baseline,analyze_frame,_QVQCHGn0mM,1442,83,1525,8078.8,False,t=1330s
2026-05-09T08:36:41.066454Z,baseline,analyze_frame,_QVQCHGn0mM,1442,64,1506,26359.8,False,t=1338s
2026-05-09T08:37:40.645987Z,baseline,analyze_frame,_QVQCHGn0mM,1442,84,1526,82054.9,False,t=1342s
2026-05-09T08:37:47.089193Z,baseline,analyze_frame,_QVQCHGn0mM,1442,65,1507,64427.4,False,t=1366s
2026-05-09T08:37:55.435507Z,baseline,analyze_frame,_QVQCHGn0mM,1442,72,1514,12536.0,False,t=1426s
2026-05-09T08:38:00.662156Z,baseline,analyze_frame,_QVQCHGn0mM,1442,72,1514,9958.2,False,t=1434s
2026-05-09T08:38:13.684281Z,baseline,analyze_frame,_QVQCHGn0mM,1442,60,1502,15033.9,False,t=1442s
2026-05-09T08:38:22.404683Z,baseline,analyze_frame,_QVQCHGn0mM,1442,60,1502,19670.6,False,t=1446s
2026-05-09T08:38:35.486029Z,baseline,analyze_frame,_QVQCHGn0mM,1442,59,1501,20546.1,False,t=1458s
2026-05-09T08:38:35.486131Z,baseline,analyze_frame,_QVQCHGn0mM,1442,68,1510,8714.7,False,t=1470s
2026-05-09T08:39:29.258514Z,baseline,analyze_frame,_QVQCHGn0mM,1442,51,1493,46507.5,False,t=1486s
2026-05-09T08:39:37.156237Z,baseline,analyze_frame,_QVQCHGn0mM,1442,40,1482,58288.7,False,t=1482s
2026-05-09T08:39:38.916096Z,baseline,analyze_frame,_QVQCHGn0mM,1442,78,1520,7873.5,False,t=1534s
2026-05-09T08:41:19.560678Z,baseline,analyze_frame,_QVQCHGn0mM,1442,82,1524,96496.8,False,t=1546s
2026-05-09T08:41:33.962468Z,baseline,analyze_frame,_QVQCHGn0mM,1442,86,1528,114782.5,False,t=1542s
2026-05-09T08:42:02.097878Z,baseline,analyze_frame,_QVQCHGn0mM,1442,89,1531,33569.3,False,t=1623s
2026-05-09T08:42:03.141627Z,baseline,analyze_frame,_QVQCHGn0mM,1442,50,1492,26948.4,False,t=1631s
2026-05-09T08:42:45.166370Z,baseline,analyze_frame,_QVQCHGn0mM,1442,79,1521,41484.1,False,t=1649s
2026-05-09T08:42:49.351138Z,baseline,analyze_frame,_QVQCHGn0mM,1442,88,1530,41992.3,False,t=1653s
2026-05-09T08:43:03.704130Z,baseline,analyze_frame,_QVQCHGn0mM,1442,33,1475,15906.8,False,t=1693s
2026-05-09T08:43:16.137544Z,baseline,analyze_frame,_QVQCHGn0mM,1442,70,1512,24396.6,False,t=1697s
2026-05-09T08:43:22.571140Z,baseline,analyze_frame,_QVQCHGn0mM,1442,92,1534,15044.2,False,t=1713s
2026-05-09T08:43:28.443591Z,baseline,analyze_frame,_QVQCHGn0mM,1442,74,1516,8605.8,False,t=1725s
2026-05-09T08:43:36.635420Z,baseline,analyze_frame,_QVQCHGn0mM,1442,74,1516,12981.2,False,t=1729s
2026-05-09T08:43:38.519118Z,baseline,analyze_frame,_QVQCHGn0mM,1442,57,1499,6952.2,False,t=1737s
2026-05-09T08:43:49.623852Z,baseline,analyze_frame,_QVQCHGn0mM,1442,64,1506,9748.5,False,t=1745s
2026-05-09T08:44:05.513843Z,baseline,analyze_frame,_QVQCHGn0mM,1442,53,1495,21938.1,False,t=1749s
2026-05-09T08:44:22.920715Z,baseline,analyze_frame,_QVQCHGn0mM,1442,73,1515,15295.3,False,t=1773s
2026-05-09T08:44:25.868876Z,baseline,analyze_frame,_QVQCHGn0mM,1442,60,1502,34274.0,False,t=1757s
2026-05-09T08:44:36.036497Z,baseline,analyze_frame,_QVQCHGn0mM,1442,40,1482,8123.4,False,t=1793s
2026-05-09T08:44:39.408950Z,baseline,analyze_frame,_QVQCHGn0mM,1442,49,1491,7775.0,False,t=1797s
2026-05-09T08:44:43.704460Z,baseline,analyze_frame,_QVQCHGn0mM,1442,83,1525,3993.3,False,t=1805s
2026-05-09T08:44:47.913409Z,baseline,analyze_frame,_QVQCHGn0mM,1442,80,1522,4216.1,False,t=1809s
2026-05-09T08:44:53.479551Z,baseline,analyze_frame,_QVQCHGn0mM,1442,64,1506,5666.9,False,t=1813s
2026-05-09T08:44:57.103187Z,baseline,analyze_frame,_QVQCHGn0mM,1442,68,1510,5325.7,False,t=1817s
2026-05-09T08:45:02.094800Z,baseline,analyze_frame,_QVQCHGn0mM,1442,53,1495,6175.2,False,t=1821s
2026-05-09T08:45:07.778907Z,baseline,analyze_frame,_QVQCHGn0mM,1442,64,1506,7821.1,False,t=1825s
2026-05-09T08:45:15.706476Z,baseline,analyze_frame,_QVQCHGn0mM,1442,61,1503,11699.4,False,t=1829s
2026-05-09T08:45:18.174951Z,baseline,analyze_frame,_QVQCHGn0mM,1442,98,1540,6132.3,False,t=1837s
2026-05-09T08:45:25.555796Z,baseline,analyze_frame,_QVQCHGn0mM,1442,65,1507,5608.3,False,t=1845s
2026-05-09T08:45:29.932702Z,baseline,analyze_frame,_QVQCHGn0mM,1442,44,1486,5962.3,False,t=1849s
2026-05-09T08:45:36.963444Z,baseline,analyze_frame,_QVQCHGn0mM,1442,67,1509,8845.0,False,t=1853s
2026-05-09T08:45:40.249756Z,baseline,analyze_frame,_QVQCHGn0mM,1442,75,1517,8227.9,False,t=1857s
2026-05-09T08:45:47.267733Z,baseline,analyze_frame,_QVQCHGn0mM,1442,80,1522,3288.4,False,t=1869s
2026-05-09T08:45:56.493052Z,baseline,analyze_frame,_QVQCHGn0mM,1442,53,1495,4506.4,False,t=1877s
2026-05-09T08:46:04.609117Z,baseline,analyze_frame,_QVQCHGn0mM,1442,73,1515,4565.2,False,t=1885s
2026-05-09T08:46:07.129375Z,baseline,analyze_frame,_QVQCHGn0mM,1442,63,1505,27146.2,False,t=1865s
2026-05-09T08:46:15.923392Z,baseline,analyze_frame,_QVQCHGn0mM,1442,76,1518,7725.8,False,t=1893s
2026-05-09T08:46:19.902969Z,baseline,analyze_frame,_QVQCHGn0mM,1442,80,1522,7545.6,False,t=1897s
2026-05-09T08:46:28.145765Z,baseline,analyze_frame,_QVQCHGn0mM,1442,77,1519,8064.3,False,t=1905s
2026-05-09T08:46:30.124320Z,baseline,analyze_frame,_QVQCHGn0mM,1442,75,1517,5763.1,False,t=1909s
2026-05-09T08:46:37.220029Z,baseline,analyze_frame,_QVQCHGn0mM,1442,60,1502,4955.2,False,t=1917s
2026-05-09T08:46:41.115296Z,baseline,analyze_frame,_QVQCHGn0mM,1442,87,1529,4995.1,False,t=1921s
2026-05-09T08:46:50.600231Z,baseline,analyze_frame,_QVQCHGn0mM,1442,59,1501,6418.5,False,t=1929s
2026-05-09T08:46:57.848085Z,baseline,analyze_frame,_QVQCHGn0mM,1442,39,1481,5600.7,False,t=1937s
2026-05-09T08:47:05.453053Z,baseline,analyze_frame,_QVQCHGn0mM,1442,66,1508,5253.8,False,t=1945s
2026-05-09T08:47:08.095924Z,baseline,analyze_frame,_QVQCHGn0mM,1442,45,1487,27667.0,False,t=1925s
2026-05-09T08:47:16.243588Z,baseline,analyze_frame,_QVQCHGn0mM,1442,48,1490,8088.0,False,t=1953s
2026-05-09T08:47:17.399873Z,baseline,analyze_frame,_QVQCHGn0mM,1442,87,1529,5080.6,False,t=1957s
2026-05-09T08:47:26.277042Z,baseline,analyze_frame,_QVQCHGn0mM,1442,74,1516,5919.0,False,t=1965s
2026-05-09T08:47:29.404921Z,baseline,analyze_frame,_QVQCHGn0mM,1442,57,1499,5139.6,False,t=1969s
2026-05-09T08:47:32.818650Z,baseline,analyze_frame,_QVQCHGn0mM,1442,59,1501,4536.1,False,t=1973s
2026-05-09T08:47:37.987457Z,baseline,analyze_frame,_QVQCHGn0mM,1442,77,1519,5792.0,False,t=1977s
2026-05-09T08:47:41.178001Z,baseline,analyze_frame,_QVQCHGn0mM,1442,58,1500,4686.9,False,t=1981s
2026-05-09T08:47:49.779768Z,baseline,analyze_frame,_QVQCHGn0mM,1442,69,1511,5164.9,False,t=1989s
2026-05-09T08:47:57.607117Z,baseline,analyze_frame,_QVQCHGn0mM,1442,48,1490,5049.9,False,t=1997s
2026-05-09T08:47:59.561653Z,baseline,analyze_frame,_QVQCHGn0mM,1442,85,1527,18884.4,False,t=1985s
2026-05-09T08:48:05.282596Z,baseline,analyze_frame,_QVQCHGn0mM,1442,80,1522,4628.6,False,t=2005s
2026-05-09T08:48:12.352416Z,baseline,analyze_frame,_QVQCHGn0mM,1442,47,1489,7628.8,False,t=2009s
2026-05-09T08:48:14.696808Z,baseline,analyze_frame,_QVQCHGn0mM,1442,57,1499,6107.8,False,t=2013s
2026-05-09T08:48:23.104501Z,baseline,analyze_frame,_QVQCHGn0mM,1442,78,1520,5759.9,False,t=2021s
2026-05-09T08:48:30.110092Z,baseline,analyze_frame,_QVQCHGn0mM,1442,76,1518,5466.0,False,t=2029s
2026-05-09T08:48:34.534941Z,baseline,analyze_frame,_QVQCHGn0mM,1442,77,1519,13926.0,False,t=2025s
2026-05-09T08:48:45.646549Z,baseline,analyze_frame,_QVQCHGn0mM,1442,65,1507,13067.5,False,t=2037s
2026-05-09T08:48:48.741931Z,baseline,analyze_frame,_QVQCHGn0mM,1442,59,1501,12129.1,False,t=2041s
2026-05-09T08:48:54.335780Z,baseline,analyze_frame,_QVQCHGn0mM,1442,55,1497,5592.8,False,t=2053s
2026-05-09T08:49:02.933138Z,baseline,analyze_frame,_QVQCHGn0mM,1442,54,1496,6295.1,False,t=2061s
2026-05-09T08:49:11.157740Z,baseline,analyze_frame,_QVQCHGn0mM,1442,54,1496,18528.9,False,t=2057s
2026-05-09T08:49:13.000584Z,baseline,analyze_frame,_QVQCHGn0mM,1442,55,1497,8301.2,False,t=2069s
2026-05-09T08:49:18.003952Z,baseline,analyze_frame,_QVQCHGn0mM,1442,57,1499,5194.0,False,t=2077s
2026-05-09T08:49:25.773827Z,baseline,analyze_frame,_QVQCHGn0mM,1442,85,1527,5080.6,False,t=2085s
2026-05-09T08:49:33.600166Z,baseline,analyze_frame,_QVQCHGn0mM,1442,75,1517,4953.2,False,t=2093s
2026-05-09T08:49:35.443629Z,baseline,analyze_frame,_QVQCHGn0mM,1442,63,1505,18741.6,False,t=2081s
2026-05-09T08:49:42.203213Z,baseline,analyze_frame,_QVQCHGn0mM,1442,56,1498,5401.3,False,t=2101s
2026-05-09T08:49:48.495849Z,baseline,analyze_frame,_QVQCHGn0mM,1442,71,1513,7711.3,False,t=2105s
2026-05-09T08:49:49.380800Z,baseline,analyze_frame,_QVQCHGn0mM,1442,84,1526,4586.0,False,t=2109s
2026-05-09T08:50:02.901434Z,baseline,analyze_frame,_QVQCHGn0mM,1442,84,1526,6049.6,False,t=2121s
2026-05-09T08:50:10.157446Z,baseline,analyze_frame,_QVQCHGn0mM,1442,102,1544,5268.6,False,t=2129s
2026-05-09T08:50:14.772183Z,baseline,analyze_frame,_QVQCHGn0mM,1442,74,1516,21949.6,False,t=2117s
2026-05-09T08:50:22.929497Z,baseline,analyze_frame,_QVQCHGn0mM,1442,69,1511,5905.3,False,t=2142s
2026-05-09T08:50:28.134076Z,baseline,analyze_frame,_QVQCHGn0mM,1442,55,1497,15273.3,False,t=2137s
2026-05-09T08:50:30.527740Z,baseline,analyze_frame,_QVQCHGn0mM,1442,74,1516,5862.6,False,t=2150s
2026-05-09T08:50:40.940862Z,baseline,analyze_frame,_QVQCHGn0mM,1442,73,1515,8175.2,False,t=2158s
2026-05-09T08:50:43.728369Z,baseline,analyze_frame,_QVQCHGn0mM,1442,57,1499,7042.0,False,t=2162s
2026-05-09T08:50:49.999435Z,baseline,analyze_frame,_QVQCHGn0mM,1442,67,1509,5172.9,False,t=2170s
2026-05-09T08:50:58.056415Z,baseline,analyze_frame,_QVQCHGn0mM,1442,70,1512,5278.4,False,t=2178s
2026-05-09T08:51:05.352815Z,baseline,analyze_frame,_QVQCHGn0mM,1442,47,1489,16615.0,False,t=2174s
2026-05-09T08:51:14.792307Z,baseline,analyze_frame,_QVQCHGn0mM,1442,71,1513,14089.2,False,t=2186s
2026-05-09T08:51:15.919970Z,baseline,analyze_frame,_QVQCHGn0mM,1442,59,1501,7051.4,False,t=2194s
2026-05-09T08:51:22.478535Z,baseline,analyze_frame,_QVQCHGn0mM,1442,63,1505,5541.9,False,t=2202s
2026-05-09T08:51:26.530376Z,baseline,analyze_frame,_QVQCHGn0mM,1442,69,1511,5774.2,False,t=2206s
2026-05-09T08:51:29.990085Z,baseline,analyze_frame,_QVQCHGn0mM,1442,62,1504,5243.0,False,t=2210s
2026-05-09T08:51:35.825945Z,baseline,analyze_frame,_QVQCHGn0mM,1442,69,1511,7022.0,False,t=2214s
2026-05-09T08:51:50.411020Z,baseline,analyze_frame,_QVQCHGn0mM,1442,66,1508,17568.6,False,t=2218s
2026-05-09T08:51:59.724321Z,baseline,analyze_frame,_QVQCHGn0mM,1442,86,1528,18899.8,False,t=2226s
2026-05-09T08:51:59.906749Z,baseline,analyze_frame,_QVQCHGn0mM,1442,76,1518,7029.3,False,t=2238s
2026-05-09T08:52:07.059042Z,baseline,analyze_frame,_QVQCHGn0mM,1442,79,1521,6495.3,False,t=2246s
2026-05-09T08:52:08.016726Z,baseline,analyze_frame,_QVQCHGn0mM,1442,71,1513,3523.6,False,t=2250s
2026-05-09T08:52:12.347401Z,baseline,analyze_frame,_QVQCHGn0mM,1442,68,1510,3892.5,False,t=2254s
2026-05-09T08:52:17.548878Z,baseline,analyze_frame,_QVQCHGn0mM,1442,65,1507,4968.6,False,t=2258s
2026-05-09T08:52:21.350223Z,baseline,analyze_frame,_QVQCHGn0mM,1442,38,1480,4778.2,False,t=2262s
2026-05-09T08:52:26.039430Z,baseline,analyze_frame,_QVQCHGn0mM,1442,74,1516,5630.3,False,t=2266s
2026-05-09T08:52:30.513157Z,baseline,analyze_frame,_QVQCHGn0mM,1442,76,1518,6117.6,False,t=2270s
2026-05-09T08:52:34.337728Z,baseline,analyze_frame,_QVQCHGn0mM,1442,63,1505,5879.7,False,t=2274s
2026-05-09T08:52:41.298776Z,baseline,analyze_frame,_QVQCHGn0mM,1442,48,1490,8733.9,False,t=2278s
2026-05-09T08:52:41.298828Z,baseline,analyze_frame,_QVQCHGn0mM,1442,57,1499,4688.7,False,t=2282s
2026-05-09T08:52:50.761325Z,baseline,analyze_frame,_QVQCHGn0mM,1442,66,1508,5953.9,False,t=2290s
2026-05-09T08:53:01.272434Z,baseline,analyze_frame,_QVQCHGn0mM,1442,73,1515,8378.1,False,t=2298s
2026-05-09T08:53:02.823320Z,baseline,analyze_frame,_QVQCHGn0mM,1442,70,1512,14009.8,False,t=2294s
2026-05-09T08:53:12.014187Z,baseline,analyze_frame,_QVQCHGn0mM,1442,84,1526,7016.4,False,t=2310s
2026-05-09T08:53:15.001088Z,baseline,analyze_frame,_QVQCHGn0mM,1442,68,1510,6130.7,False,t=2314s
2026-05-09T08:53:23.795925Z,baseline,analyze_frame,_QVQCHGn0mM,1442,56,1498,6824.5,False,t=2322s
2026-05-09T08:53:30.477460Z,baseline,analyze_frame,_QVQCHGn0mM,1442,50,1492,5618.7,False,t=2330s
2026-05-09T08:53:32.575931Z,baseline,analyze_frame,_QVQCHGn0mM,1442,63,1505,11667.8,False,t=2326s
2026-05-09T08:53:38.266384Z,baseline,analyze_frame,_QVQCHGn0mM,1442,57,1499,5336.6,False,t=2338s
2026-05-09T08:53:40.964446Z,baseline,analyze_frame,_QVQCHGn0mM,1442,65,1507,4097.3,False,t=2342s
2026-05-09T08:53:47.542882Z,baseline,analyze_frame,_QVQCHGn0mM,1442,61,1503,6547.0,False,t=2346s
2026-05-09T08:53:51.810787Z,baseline,analyze_frame,_QVQCHGn0mM,1442,63,1505,6803.9,False,t=2350s
2026-05-09T08:53:53.023154Z,baseline,analyze_frame,_QVQCHGn0mM,1442,47,1489,4137.5,False,t=2354s
2026-05-09T08:53:58.279471Z,baseline,analyze_frame,_QVQCHGn0mM,1442,52,1494,5340.1,False,t=2358s
2026-05-09T08:54:01.256496Z,baseline,analyze_frame,_QVQCHGn0mM,1442,77,1519,4287.3,False,t=2362s
2026-05-09T08:54:11.065201Z,baseline,analyze_frame,_QVQCHGn0mM,1442,92,1534,5900.7,False,t=2370s
2026-05-09T08:54:15.342680Z,baseline,analyze_frame,_QVQCHGn0mM,1442,64,1506,14450.8,False,t=2366s
2026-05-09T08:54:20.665802Z,baseline,analyze_frame,_QVQCHGn0mM,1442,67,1509,7325.5,False,t=2378s
2026-05-09T08:54:32.546736Z,baseline,analyze_frame,_QVQCHGn0mM,1442,46,1488,7588.6,False,t=2390s
2026-05-09T08:54:37.049857Z,baseline,analyze_frame,_QVQCHGn0mM,1442,73,1515,19923.6,False,t=2382s
2026-05-09T08:54:41.466097Z,baseline,analyze_frame,_QVQCHGn0mM,1442,79,1521,4763.1,False,t=2402s
2026-05-09T08:54:45.675620Z,baseline,analyze_frame,_QVQCHGn0mM,1442,91,1533,4959.3,False,t=2406s
2026-05-09T08:54:49.608599Z,baseline,analyze_frame,_QVQCHGn0mM,1442,78,1520,4933.4,False,t=2410s
2026-05-09T08:54:53.617564Z,baseline,analyze_frame,_QVQCHGn0mM,1442,86,1528,4994.4,False,t=2414s
2026-05-09T08:54:57.251406Z,baseline,analyze_frame,_QVQCHGn0mM,1442,66,1508,4583.2,False,t=2418s
2026-05-09T08:55:06.299080Z,baseline,analyze_frame,_QVQCHGn0mM,1442,74,1516,9643.0,False,t=2422s
2026-05-09T08:55:06.298988Z,baseline,analyze_frame,_QVQCHGn0mM,1442,69,1511,5664.5,False,t=2426s
2026-05-09T08:55:15.041597Z,baseline,analyze_frame,_QVQCHGn0mM,1442,64,1506,6218.3,False,t=2434s
2026-05-09T08:55:19.933147Z,baseline,analyze_frame,_QVQCHGn0mM,1442,62,1504,7065.9,False,t=2438s
2026-05-09T08:55:23.372053Z,baseline,analyze_frame,_QVQCHGn0mM,1442,75,1517,6608.3,False,t=2442s
2026-05-09T08:55:30.351517Z,baseline,analyze_frame,_QVQCHGn0mM,1442,102,1544,5662.2,False,t=2450s
2026-05-09T08:55:37.479609Z,baseline,analyze_frame,_QVQCHGn0mM,1442,53,1495,4791.0,False,t=2458s
2026-05-09T08:55:47.983802Z,baseline,analyze_frame,_QVQCHGn0mM,1442,29,1471,7245.4,False,t=2466s
2026-05-09T08:55:50.087271Z,baseline,analyze_frame,_QVQCHGn0mM,1442,64,1506,29419.0,False,t=2446s
2026-05-09T08:55:52.691892Z,baseline,analyze_frame,_QVQCHGn0mM,1442,66,1508,4018.8,False,t=2474s
2026-05-09T08:55:58.620802Z,baseline,analyze_frame,_QVQCHGn0mM,1442,79,1521,5887.4,False,t=2478s
2026-05-09T08:56:06.543909Z,baseline,analyze_frame,_QVQCHGn0mM,1442,59,1501,9806.9,False,t=2482s
2026-05-09T08:56:07.148949Z,baseline,analyze_frame,_QVQCHGn0mM,1442,83,1525,6438.4,False,t=2486s
2026-05-09T08:56:14.874615Z,baseline,analyze_frame,_QVQCHGn0mM,1442,65,1507,5934.8,False,t=2494s
2026-05-09T08:56:23.381989Z,baseline,analyze_frame,_QVQCHGn0mM,1442,65,1507,6146.2,False,t=2502s
2026-05-09T08:56:32.276645Z,baseline,analyze_frame,_QVQCHGn0mM,1442,101,1543,18927.5,False,t=2498s
2026-05-09T08:56:33.250374Z,baseline,analyze_frame,_QVQCHGn0mM,1442,42,1484,8084.6,False,t=2510s
2026-05-09T08:56:42.468282Z,baseline,analyze_frame,_QVQCHGn0mM,1442,54,1496,5235.3,False,t=2522s
2026-05-09T08:56:48.170329Z,baseline,analyze_frame,_QVQCHGn0mM,1442,63,1505,6891.7,False,t=2526s
2026-05-09T08:56:54.233030Z,baseline,analyze_frame,_QVQCHGn0mM,1442,57,1499,5089.7,False,t=2534s
2026-05-09T08:57:03.007003Z,baseline,analyze_frame,_QVQCHGn0mM,1442,69,1511,17697.9,False,t=2530s
2026-05-09T08:57:10.928004Z,baseline,analyze_frame,_QVQCHGn0mM,1442,52,1494,13639.3,False,t=2542s
2026-05-09T08:57:16.998449Z,baseline,analyze_frame,_QVQCHGn0mM,1442,82,1524,11481.1,False,t=2550s
2026-05-09T08:57:19.776227Z,baseline,analyze_frame,_QVQCHGn0mM,1442,52,1494,6402.9,False,t=2558s
2026-05-09T08:57:37.843336Z,baseline,analyze_frame,_QVQCHGn0mM,1442,66,1508,16494.1,False,t=2566s
2026-05-09T08:57:41.127542Z,baseline,analyze_frame,_QVQCHGn0mM,1442,87,1529,15801.0,False,t=2570s
2026-05-09T08:57:52.783101Z,baseline,analyze_frame,_QVQCHGn0mM,1442,68,1510,7466.6,False,t=2590s
2026-05-09T08:57:52.783213Z,baseline,analyze_frame,_QVQCHGn0mM,1442,50,1492,11376.7,False,t=2586s
2026-05-09T08:58:01.062220Z,baseline,analyze_frame,_QVQCHGn0mM,1442,58,1500,3752.7,False,t=2602s
2026-05-09T08:58:11.003060Z,baseline,analyze_frame,_QVQCHGn0mM,1442,72,1514,5630.4,False,t=2610s
2026-05-09T08:58:11.817438Z,baseline,analyze_frame,_QVQCHGn0mM,1442,66,1508,10527.4,False,t=2606s
2026-05-09T08:58:17.936741Z,baseline,analyze_frame,_QVQCHGn0mM,1442,57,1499,4428.1,False,t=2618s
2026-05-09T08:58:26.460786Z,baseline,analyze_frame,_QVQCHGn0mM,1442,39,1481,5040.8,False,t=2626s
2026-05-09T08:58:30.291638Z,baseline,analyze_frame,_QVQCHGn0mM,1442,56,1498,12836.3,False,t=2622s
2026-05-09T08:58:36.137976Z,baseline,analyze_frame,_QVQCHGn0mM,1442,68,1510,6690.0,False,t=2634s
2026-05-09T08:58:43.606444Z,baseline,analyze_frame,_QVQCHGn0mM,1442,58,1500,6139.4,False,t=2642s
2026-05-09T08:58:48.545330Z,baseline,analyze_frame,_QVQCHGn0mM,1442,78,1520,15093.0,False,t=2638s
2026-05-09T08:58:52.446276Z,baseline,analyze_frame,_QVQCHGn0mM,1442,74,1516,6735.3,False,t=2650s
2026-05-09T08:58:57.473670Z,baseline,analyze_frame,_QVQCHGn0mM,1442,90,1532,4014.5,False,t=2658s
2026-05-09T08:59:05.090181Z,baseline,analyze_frame,_QVQCHGn0mM,1442,63,1505,7703.1,False,t=2662s
2026-05-09T08:59:06.326989Z,baseline,analyze_frame,_QVQCHGn0mM,1442,79,1521,4968.1,False,t=2666s
2026-05-09T08:59:19.183160Z,baseline,analyze_frame,_QVQCHGn0mM,1442,79,1521,5529.5,False,t=2678s
2026-05-09T08:59:20.557008Z,baseline,analyze_frame,_QVQCHGn0mM,1442,31,1473,11141.2,False,t=2674s
2026-05-09T08:59:29.970672Z,baseline,analyze_frame,_QVQCHGn0mM,1442,47,1489,8373.9,False,t=2686s
2026-05-09T08:59:30.422176Z,baseline,analyze_frame,_QVQCHGn0mM,1442,98,1540,4975.4,False,t=2690s
2026-05-09T08:59:38.172597Z,baseline,analyze_frame,_QVQCHGn0mM,1442,67,1509,4626.5,False,t=2698s
2026-05-09T08:59:42.334378Z,baseline,analyze_frame,_QVQCHGn0mM,1442,85,1527,4829.9,False,t=2702s
2026-05-09T08:59:51.460852Z,baseline,analyze_frame,_QVQCHGn0mM,1442,92,1534,9717.0,False,t=2706s
2026-05-09T08:59:56.340986Z,baseline,analyze_frame,_QVQCHGn0mM,1442,71,1513,10623.6,False,t=2710s
2026-05-09T09:00:00.173415Z,baseline,analyze_frame,_QVQCHGn0mM,1442,85,1527,6601.3,False,t=2718s
2026-05-09T09:00:03.174944Z,baseline,analyze_frame,_QVQCHGn0mM,1442,64,1506,5602.4,False,t=2722s
2026-05-09T09:00:12.846023Z,baseline,analyze_frame,_QVQCHGn0mM,1442,92,1534,7244.8,False,t=2730s
2026-05-09T09:00:14.239320Z,baseline,analyze_frame,_QVQCHGn0mM,1442,94,1536,12686.9,False,t=2726s
2026-05-09T09:00:29.809914Z,baseline,analyze_frame,_QVQCHGn0mM,1442,67,1509,12020.3,False,t=2742s
2026-05-09T09:00:35.782545Z,baseline,analyze_frame,_QVQCHGn0mM,1442,63,1505,14151.7,False,t=2746s
2026-05-09T09:00:39.241608Z,baseline,analyze_frame,_QVQCHGn0mM,1442,55,1497,5603.4,False,t=2758s
2026-05-09T09:00:42.923894Z,baseline,analyze_frame,_QVQCHGn0mM,1442,41,1483,5231.9,False,t=2762s
2026-05-09T09:00:46.588664Z,baseline,analyze_frame,_QVQCHGn0mM,1442,161,1603,4888.5,False,t=2766s
2026-05-09T09:00:50.819309Z,baseline,analyze_frame,_QVQCHGn0mM,1442,63,1505,5156.6,False,t=2770s
2026-05-09T09:00:54.463932Z,baseline,analyze_frame,_QVQCHGn0mM,1442,74,1516,4855.8,False,t=2774s
2026-05-09T09:00:58.873293Z,baseline,analyze_frame,_QVQCHGn0mM,1442,65,1507,5228.8,False,t=2778s
2026-05-09T09:01:04.804194Z,baseline,analyze_frame,_QVQCHGn0mM,1442,120,1562,7189.2,False,t=2782s
2026-05-09T09:01:10.113608Z,baseline,analyze_frame,_QVQCHGn0mM,1442,74,1516,8529.6,False,t=2786s
2026-05-09T09:01:15.485603Z,baseline,analyze_frame,_QVQCHGn0mM,1442,41,1483,5837.5,False,t=2794s
2026-05-09T09:01:22.987886Z,baseline,analyze_frame,_QVQCHGn0mM,1442,61,1503,9171.8,False,t=2798s
2026-05-09T09:01:25.585926Z,baseline,analyze_frame,_QVQCHGn0mM,1442,56,1498,7791.6,False,t=2803s
2026-05-09T09:01:32.100444Z,baseline,analyze_frame,_QVQCHGn0mM,1442,74,1516,6415.2,False,t=2811s
2026-05-09T09:01:34.930752Z,baseline,analyze_frame,_QVQCHGn0mM,1442,60,1502,5198.1,False,t=2815s
2026-05-09T09:01:39.111139Z,baseline,analyze_frame,_QVQCHGn0mM,1442,58,1500,5314.8,False,t=2819s
2026-05-09T09:01:47.914249Z,baseline,analyze_frame,_QVQCHGn0mM,1442,80,1522,6052.0,False,t=2827s
2026-05-09T09:01:48.734994Z,baseline,analyze_frame,_QVQCHGn0mM,1442,83,1525,10959.3,False,t=2823s
2026-05-09T09:01:55.750550Z,baseline,analyze_frame,_QVQCHGn0mM,1442,41,1483,5963.1,False,t=2835s
2026-05-09T09:02:04.929841Z,baseline,analyze_frame,_QVQCHGn0mM,1442,52,1494,7114.6,False,t=2843s
2026-05-09T09:02:06.372423Z,baseline,analyze_frame,_QVQCHGn0mM,1442,51,1493,12552.2,False,t=2839s
2026-05-09T09:02:15.785630Z,baseline,analyze_frame,_QVQCHGn0mM,1442,83,1525,5907.1,False,t=2855s
2026-05-09T09:02:19.580951Z,baseline,analyze_frame,_QVQCHGn0mM,1442,83,1525,5655.9,False,t=2859s
2026-05-09T09:02:27.420347Z,baseline,analyze_frame,_QVQCHGn0mM,1442,60,1502,5492.2,False,t=2867s
2026-05-09T09:02:34.434255Z,baseline,analyze_frame,_QVQCHGn0mM,1442,73,1515,16538.8,False,t=2863s
2026-05-09T09:02:35.108329Z,baseline,analyze_frame,_QVQCHGn0mM,1442,79,1521,5164.5,False,t=2875s
2026-05-09T09:02:42.916561Z,baseline,analyze_frame,_QVQCHGn0mM,1442,48,1490,5010.0,False,t=2883s
2026-05-09T09:02:50.997250Z,baseline,analyze_frame,_QVQCHGn0mM,1442,51,1493,9033.8,False,t=2887s
2026-05-09T09:02:51.721291Z,baseline,analyze_frame,_QVQCHGn0mM,1442,67,1509,5770.7,False,t=2891s
2026-05-09T09:03:00.236706Z,baseline,analyze_frame,_QVQCHGn0mM,1442,61,1503,6292.9,False,t=2899s
2026-05-09T09:03:01.258262Z,baseline,analyze_frame,_QVQCHGn0mM,1442,44,1486,3329.3,False,t=2903s
2026-05-09T09:03:09.209055Z,baseline,analyze_frame,_QVQCHGn0mM,1442,35,1477,7289.1,False,t=2907s
2026-05-09T09:03:12.837010Z,baseline,analyze_frame,_QVQCHGn0mM,1442,52,1494,6921.3,False,t=2911s
2026-05-09T09:03:18.903404Z,baseline,analyze_frame,_QVQCHGn0mM,1442,84,1526,4802.0,False,t=2919s
2026-05-09T09:03:23.257922Z,baseline,analyze_frame,_QVQCHGn0mM,1442,76,1518,5298.5,False,t=2923s
2026-05-09T09:03:28.428645Z,baseline,analyze_frame,_QVQCHGn0mM,1442,68,1510,6442.0,False,t=2927s
2026-05-09T09:03:37.143119Z,baseline,analyze_frame,_QVQCHGn0mM,1442,54,1496,7091.2,False,t=2935s
2026-05-09T09:03:38.061420Z,baseline,analyze_frame,_QVQCHGn0mM,1442,63,1505,12035.6,False,t=2931s
2026-05-09T09:03:46.602799Z,baseline,analyze_frame,_QVQCHGn0mM,1442,62,1504,4529.8,False,t=2947s
2026-05-09T09:03:51.446336Z,baseline,analyze_frame,_QVQCHGn0mM,1442,73,1515,5417.6,False,t=2951s
2026-05-09T09:03:55.012804Z,baseline,analyze_frame,_QVQCHGn0mM,1442,74,1516,5016.5,False,t=2955s
2026-05-09T09:04:03.412355Z,baseline,analyze_frame,_QVQCHGn0mM,1442,57,1499,5379.3,False,t=2963s
2026-05-09T09:04:04.035722Z,baseline,analyze_frame,_QVQCHGn0mM,1442,67,1509,9949.7,False,t=2959s
2026-05-09T09:04:12.316341Z,baseline,analyze_frame,_QVQCHGn0mM,1442,51,1493,6187.2,False,t=2971s
2026-05-09T09:04:15.699568Z,baseline,analyze_frame,_QVQCHGn0mM,1442,79,1521,5617.6,False,t=2975s
2026-05-09T09:04:19.887938Z,baseline,analyze_frame,_QVQCHGn0mM,1442,38,1480,5673.5,False,t=2979s
2026-05-09T09:04:23.923131Z,baseline,analyze_frame,_QVQCHGn0mM,1442,36,1478,5820.3,False,t=2983s
2026-05-09T09:04:30.210292Z,baseline,analyze_frame,_QVQCHGn0mM,1442,90,1532,4188.0,False,t=2991s
2026-05-09T09:04:34.856647Z,baseline,analyze_frame,_QVQCHGn0mM,1442,86,1528,12684.3,False,t=2987s
2026-05-09T09:04:45.498674Z,baseline,analyze_frame,_QVQCHGn0mM,1442,88,1530,7318.2,False,t=3003s
2026-05-09T09:04:47.339001Z,baseline,analyze_frame,_QVQCHGn0mM,1442,68,1510,13167.7,False,t=2999s
2026-05-09T09:04:56.770555Z,baseline,analyze_frame,_QVQCHGn0mM,1442,52,1494,6643.1,False,t=3015s
2026-05-09T09:05:01.690296Z,baseline,analyze_frame,_QVQCHGn0mM,1442,55,1497,7514.0,False,t=3019s
2026-05-09T09:05:05.405262Z,baseline,analyze_frame,_QVQCHGn0mM,1442,53,1495,7247.0,False,t=3023s
2026-05-09T09:05:15.592006Z,baseline,analyze_frame,_QVQCHGn0mM,1442,52,1494,5436.5,False,t=3035s
2026-05-09T09:05:18.350957Z,baseline,analyze_frame,_QVQCHGn0mM,1442,60,1502,12131.0,False,t=3031s
2026-05-09T09:05:25.103500Z,baseline,analyze_frame,_QVQCHGn0mM,1442,63,1505,6848.1,False,t=3043s
2026-05-09T09:05:29.408055Z,baseline,analyze_frame,_QVQCHGn0mM,1442,77,1519,7167.2,False,t=3047s
2026-05-09T09:05:31.273668Z,baseline,analyze_frame,_QVQCHGn0mM,1442,69,1511,5104.4,False,t=3051s
2026-05-09T09:05:43.130896Z,baseline,analyze_frame,_QVQCHGn0mM,1442,96,1538,5137.5,False,t=3063s
2026-05-09T09:05:45.860732Z,baseline,analyze_frame,_QVQCHGn0mM,1442,74,1516,11598.1,False,t=3059s
2026-05-09T09:05:50.655239Z,baseline,analyze_frame,_QVQCHGn0mM,1442,57,1499,4669.3,False,t=3071s
2026-05-09T09:05:54.950689Z,baseline,analyze_frame,_QVQCHGn0mM,1442,82,1524,4985.5,False,t=3075s
2026-05-09T09:05:58.409768Z,baseline,analyze_frame,_QVQCHGn0mM,1442,51,1493,4329.0,False,t=3079s
2026-05-09T09:06:07.860618Z,baseline,analyze_frame,_QVQCHGn0mM,1442,66,1508,9848.5,False,t=3083s
2026-05-09T09:06:08.109882Z,baseline,analyze_frame,_QVQCHGn0mM,1442,88,1530,6116.8,False,t=3087s
2026-05-09T09:06:14.229788Z,baseline,analyze_frame,_QVQCHGn0mM,1442,54,1496,4234.7,False,t=3095s
2026-05-09T09:06:18.349171Z,baseline,analyze_frame,_QVQCHGn0mM,1442,53,1495,4173.8,False,t=3099s
2026-05-09T09:06:22.929042Z,baseline,analyze_frame,_QVQCHGn0mM,1442,51,1493,4860.1,False,t=3103s
2026-05-09T09:06:27.387443Z,baseline,analyze_frame,_QVQCHGn0mM,1442,69,1511,5333.9,False,t=3107s
2026-05-09T09:06:33.920591Z,baseline,analyze_frame,_QVQCHGn0mM,1442,53,1495,7847.9,False,t=3111s
2026-05-09T09:06:35.526584Z,baseline,analyze_frame,_QVQCHGn0mM,1442,90,1532,5440.9,False,t=3115s
2026-05-09T09:06:42.950785Z,baseline,analyze_frame,_QVQCHGn0mM,1442,54,1496,4843.1,False,t=3123s
2026-05-09T09:06:48.002593Z,baseline,analyze_frame,_QVQCHGn0mM,1442,67,1509,5920.0,False,t=3127s
2026-05-09T09:06:55.185274Z,baseline,analyze_frame,_QVQCHGn0mM,1442,49,1491,9076.7,False,t=3131s
2026-05-09T09:06:56.776912Z,baseline,analyze_frame,_QVQCHGn0mM,1442,47,1489,6724.2,False,t=3135s
2026-05-09T09:07:06.346310Z,baseline,analyze_frame,_QVQCHGn0mM,1442,39,1481,4263.6,False,t=3147s
2026-05-09T09:07:08.332410Z,baseline,analyze_frame,_QVQCHGn0mM,1442,62,1504,10214.6,False,t=3143s
2026-05-09T09:07:14.217153Z,baseline,analyze_frame,_QVQCHGn0mM,1442,74,1516,4117.0,False,t=3155s
2026-05-09T09:07:20.527349Z,baseline,analyze_frame,_QVQCHGn0mM,1442,69,1511,6163.9,False,t=3159s
2026-05-09T09:07:22.735411Z,baseline,analyze_frame,_QVQCHGn0mM,1442,61,1503,4567.1,False,t=3163s
2026-05-09T09:07:26.755168Z,baseline,analyze_frame,_QVQCHGn0mM,1442,65,1507,4596.5,False,t=3167s
2026-05-09T09:07:30.960043Z,baseline,analyze_frame,_QVQCHGn0mM,1442,64,1506,4791.5,False,t=3171s
2026-05-09T09:07:34.755435Z,baseline,analyze_frame,_QVQCHGn0mM,1442,54,1496,4585.2,False,t=3175s
2026-05-09T09:07:40.900573Z,baseline,analyze_frame,_QVQCHGn0mM,1442,76,1518,6705.0,False,t=3179s
2026-05-09T09:07:43.152645Z,baseline,analyze_frame,_QVQCHGn0mM,1442,57,1499,5023.1,False,t=3183s
2026-05-09T09:07:46.823640Z,baseline,analyze_frame,_QVQCHGn0mM,1442,71,1513,4604.8,False,t=3187s
2026-05-09T09:07:55.275809Z,baseline,analyze_frame,_QVQCHGn0mM,1442,59,1501,5082.6,False,t=3195s
2026-05-09T09:08:00.379315Z,baseline,analyze_frame,_QVQCHGn0mM,1442,74,1516,14158.0,False,t=3191s
2026-05-09T09:08:02.601394Z,baseline,analyze_frame,_QVQCHGn0mM,1442,60,1502,4391.2,False,t=3203s
2026-05-09T09:08:08.841558Z,baseline,analyze_frame,_QVQCHGn0mM,1442,59,1501,6590.5,False,t=3207s
2026-05-09T09:08:13.966190Z,baseline,analyze_frame,_QVQCHGn0mM,1442,53,1495,3703.2,False,t=3215s
2026-05-09T09:08:16.309236Z,baseline,analyze_frame,_QVQCHGn0mM,1442,107,1549,10076.8,False,t=3211s
2026-05-09T09:08:22.417453Z,baseline,analyze_frame,_QVQCHGn0mM,1442,41,1483,4010.1,False,t=3223s
2026-05-09T09:08:25.966944Z,baseline,analyze_frame,_QVQCHGn0mM,1442,58,1500,3687.5,False,t=3227s
2026-05-09T09:08:34.009730Z,baseline,analyze_frame,_QVQCHGn0mM,1442,81,1523,7724.6,False,t=3231s
2026-05-09T09:08:35.986147Z,baseline,analyze_frame,_QVQCHGn0mM,1442,56,1498,5438.8,False,t=3235s
2026-05-09T09:08:44.511610Z,baseline,analyze_frame,_QVQCHGn0mM,1442,54,1496,5953.5,False,t=3243s
2026-05-09T09:08:47.852627Z,baseline,analyze_frame,_QVQCHGn0mM,1442,68,1510,5405.8,False,t=3247s
2026-05-09T09:08:54.462994Z,baseline,analyze_frame,_QVQCHGn0mM,1442,47,1489,8014.8,False,t=3251s
2026-05-09T09:08:56.160272Z,baseline,analyze_frame,_QVQCHGn0mM,1442,39,1481,5803.5,False,t=3255s
2026-05-09T09:09:04.413709Z,baseline,analyze_frame,_QVQCHGn0mM,1442,86,1528,6205.3,False,t=3263s
2026-05-09T09:09:06.148521Z,baseline,analyze_frame,_QVQCHGn0mM,1442,78,1520,3956.2,False,t=3267s
2026-05-09T09:09:11.937000Z,baseline,analyze_frame,_QVQCHGn0mM,1442,52,1494,5687.0,False,t=3271s
2026-05-09T09:09:16.225058Z,baseline,analyze_frame,_QVQCHGn0mM,1442,87,1529,5623.1,False,t=3275s
2026-05-09T09:09:20.638079Z,baseline,analyze_frame,_QVQCHGn0mM,1442,51,1493,5754.6,False,t=3279s
2026-05-09T09:09:28.916007Z,baseline,analyze_frame,_QVQCHGn0mM,1442,61,1503,6205.1,False,t=3287s
2026-05-09T09:09:32.187736Z,baseline,analyze_frame,_QVQCHGn0mM,1442,79,1521,13477.5,False,t=3283s
2026-05-09T09:09:34.588945Z,baseline,analyze_frame,_QVQCHGn0mM,1442,90,1532,3923.8,False,t=3295s
2026-05-09T09:09:37.665760Z,baseline,analyze_frame,_QVQCHGn0mM,1442,82,1524,3069.9,False,t=3299s
2026-05-09T09:09:46.171246Z,baseline,analyze_frame,_QVQCHGn0mM,1442,44,1486,7514.2,False,t=3303s
2026-05-09T09:09:50.560828Z,baseline,analyze_frame,_QVQCHGn0mM,1442,81,1523,7898.7,False,t=3307s
2026-05-09T09:09:55.993061Z,baseline,analyze_frame,_QVQCHGn0mM,1442,69,1511,5383.1,False,t=3315s
2026-05-09T09:10:02.419655Z,baseline,analyze_frame,_QVQCHGn0mM,1442,68,1510,7769.0,False,t=3319s
2026-05-09T09:10:03.996997Z,baseline,analyze_frame,_QVQCHGn0mM,1442,64,1506,5344.3,False,t=3323s
2026-05-09T09:10:12.695375Z,baseline,analyze_frame,_QVQCHGn0mM,1442,68,1510,5983.3,False,t=3331s
2026-05-09T09:10:17.775284Z,baseline,analyze_frame,_QVQCHGn0mM,1442,78,1520,7073.6,False,t=3335s
2026-05-09T09:10:20.635907Z,baseline,analyze_frame,_QVQCHGn0mM,1442,73,1515,5852.0,False,t=3339s
2026-05-09T09:10:28.247194Z,baseline,analyze_frame,_QVQCHGn0mM,1442,65,1507,5537.3,False,t=3347s
2026-05-09T09:10:32.926906Z,baseline,analyze_frame,_QVQCHGn0mM,1442,52,1494,6254.1,False,t=3351s
2026-05-09T09:10:36.410649Z,baseline,analyze_frame,_QVQCHGn0mM,1442,60,1502,5696.4,False,t=3355s
2026-05-09T09:10:39.276100Z,baseline,analyze_frame,_QVQCHGn0mM,1442,46,1488,4456.6,False,t=3359s
2026-05-09T09:10:43.616443Z,baseline,analyze_frame,_QVQCHGn0mM,1442,51,1493,4873.4,False,t=3363s
2026-05-09T09:10:51.803723Z,baseline,analyze_frame,_QVQCHGn0mM,1442,55,1497,5104.2,False,t=3372s
2026-05-09T09:10:54.602130Z,baseline,analyze_frame,_QVQCHGn0mM,1442,64,1506,11867.2,False,t=3367s
2026-05-09T09:10:59.672930Z,baseline,analyze_frame,_QVQCHGn0mM,1442,78,1520,4996.1,False,t=3380s
2026-05-09T09:11:03.698050Z,baseline,analyze_frame,_QVQCHGn0mM,1442,71,1513,4975.4,False,t=3384s
2026-05-09T09:11:10.212853Z,baseline,analyze_frame,_QVQCHGn0mM,1442,84,1526,7339.7,False,t=3388s
2026-05-09T09:11:11.656751Z,baseline,analyze_frame,_QVQCHGn0mM,1442,83,1525,4842.1,False,t=3392s
2026-05-09T09:11:21.409530Z,baseline,analyze_frame,_QVQCHGn0mM,1442,95,1537,6502.7,False,t=3400s
2026-05-09T09:11:28.982542Z,baseline,analyze_frame,_QVQCHGn0mM,1442,71,1513,6173.2,False,t=3408s
2026-05-09T09:11:35.092520Z,baseline,analyze_frame,_QVQCHGn0mM,1442,67,1509,4306.5,False,t=3416s
2026-05-09T09:11:35.562118Z,baseline,analyze_frame,_QVQCHGn0mM,1442,56,1498,16833.5,False,t=3404s
2026-05-09T09:11:44.140817Z,baseline,analyze_frame,_QVQCHGn0mM,1442,67,1509,5079.1,False,t=3424s
2026-05-09T09:11:52.727584Z,baseline,analyze_frame,_QVQCHGn0mM,1442,69,1511,5910.6,False,t=3432s
2026-05-09T09:11:57.066817Z,baseline,analyze_frame,_QVQCHGn0mM,1442,74,1516,14293.0,False,t=3428s
2026-05-09T09:11:59.263110Z,baseline,analyze_frame,_QVQCHGn0mM,1442,72,1514,4518.5,False,t=3440s
2026-05-09T09:12:04.945359Z,baseline,analyze_frame,_QVQCHGn0mM,1442,78,1520,6077.6,False,t=3444s
2026-05-09T09:12:07.033188Z,baseline,analyze_frame,_QVQCHGn0mM,1442,53,1495,4192.8,False,t=3448s
2026-05-09T09:12:11.832447Z,baseline,analyze_frame,_QVQCHGn0mM,1442,68,1510,5064.7,False,t=3452s
2026-05-09T09:12:14.269863Z,baseline,analyze_frame,_QVQCHGn0mM,1442,40,1482,3434.5,False,t=3456s
2026-05-09T09:12:23.044078Z,baseline,analyze_frame,_QVQCHGn0mM,1442,38,1480,8017.0,False,t=3460s
2026-05-09T09:12:24.353109Z,baseline,analyze_frame,_QVQCHGn0mM,1442,71,1513,5504.9,False,t=3464s
2026-05-09T09:12:32.865986Z,baseline,analyze_frame,_QVQCHGn0mM,1442,74,1516,5991.4,False,t=3472s
2026-05-09T09:12:39.399470Z,baseline,analyze_frame,_QVQCHGn0mM,1442,79,1521,8568.3,False,t=3476s
2026-05-09T09:12:40.087533Z,baseline,analyze_frame,_QVQCHGn0mM,1442,65,1507,5089.7,False,t=3480s
2026-05-09T09:12:47.673314Z,baseline,analyze_frame,_QVQCHGn0mM,1442,35,1477,4843.6,False,t=3488s
2026-05-09T09:12:52.074767Z,baseline,analyze_frame,_QVQCHGn0mM,1442,53,1495,5131.8,False,t=3492s
2026-05-09T09:13:00.800958Z,baseline,analyze_frame,_QVQCHGn0mM,1442,85,1527,6122.3,False,t=3500s
2026-05-09T09:13:01.639157Z,baseline,analyze_frame,_QVQCHGn0mM,1442,83,1525,10692.5,False,t=3496s
2026-05-09T09:13:08.463490Z,baseline,analyze_frame,_QVQCHGn0mM,1442,87,1529,5266.0,False,t=3508s
2026-05-09T09:13:14.501192Z,baseline,analyze_frame,_QVQCHGn0mM,1442,69,1511,7579.5,False,t=3512s
2026-05-09T09:13:15.150340Z,baseline,analyze_frame,_QVQCHGn0mM,1442,68,1510,4158.9,False,t=3516s
2026-05-09T09:13:28.162511Z,baseline,analyze_frame,_QVQCHGn0mM,1442,56,1498,9096.1,False,t=3524s
2026-05-09T09:13:28.650264Z,baseline,analyze_frame,_QVQCHGn0mM,1442,52,1494,5515.1,False,t=3528s
2026-05-09T09:13:35.831732Z,baseline,analyze_frame,_QVQCHGn0mM,1442,90,1532,4808.8,False,t=3536s
2026-05-09T09:13:42.766476Z,baseline,analyze_frame,_QVQCHGn0mM,1442,59,1501,7751.8,False,t=3540s
2026-05-09T09:13:43.700231Z,baseline,analyze_frame,_QVQCHGn0mM,1442,75,1517,4736.1,False,t=3544s
2026-05-09T09:13:51.894793Z,baseline,analyze_frame,_QVQCHGn0mM,1442,68,1510,4881.9,False,t=3552s
2026-05-09T09:13:59.577440Z,baseline,analyze_frame,_QVQCHGn0mM,1442,84,1526,4560.2,False,t=3560s
2026-05-09T09:14:03.048360Z,baseline,analyze_frame,_QVQCHGn0mM,1442,87,1529,12026.1,False,t=3556s
2026-05-09T09:14:09.589622Z,baseline,analyze_frame,_QVQCHGn0mM,1442,71,1513,6437.3,False,t=3568s
2026-05-09T09:14:12.985751Z,baseline,analyze_frame,_QVQCHGn0mM,1442,75,1517,5980.4,False,t=3572s
2026-05-09T09:14:16.349550Z,baseline,analyze_frame,_QVQCHGn0mM,1442,50,1492,4940.8,False,t=3576s
2026-05-09T09:14:21.564023Z,baseline,analyze_frame,_QVQCHGn0mM,1442,55,1497,6321.6,False,t=3580s
2026-05-09T09:14:23.623194Z,baseline,analyze_frame,_QVQCHGn0mM,1442,55,1497,4571.0,False,t=3584s
2026-05-09T09:14:27.635991Z,baseline,analyze_frame,_QVQCHGn0mM,1442,60,1502,4486.8,False,t=3588s
2026-05-09T09:14:37.272996Z,baseline,analyze_frame,_QVQCHGn0mM,1442,70,1512,6180.8,False,t=3596s
2026-05-09T09:14:42.870104Z,baseline,analyze_frame,_QVQCHGn0mM,1442,73,1515,15784.6,False,t=3592s
2026-05-09T09:14:45.126879Z,baseline,analyze_frame,_QVQCHGn0mM,1442,69,1511,5977.3,False,t=3604s
2026-05-09T09:14:52.582455Z,baseline,analyze_frame,_QVQCHGn0mM,1442,61,1503,5427.5,False,t=3612s
2026-05-09T09:14:57.038723Z,baseline,analyze_frame,_QVQCHGn0mM,1442,55,1497,5935.4,False,t=3616s
2026-05-09T09:14:59.853625Z,baseline,analyze_frame,_QVQCHGn0mM,1442,55,1497,4771.0,False,t=3620s
2026-05-09T09:15:04.582189Z,baseline,analyze_frame,_QVQCHGn0mM,1442,116,1558,5373.3,False,t=3624s
2026-05-09T09:15:08.887284Z,baseline,analyze_frame,_QVQCHGn0mM,1442,86,1528,5596.5,False,t=3628s
2026-05-09T09:15:16.033939Z,baseline,analyze_frame,_QVQCHGn0mM,1442,65,1507,8838.7,False,t=3632s
2026-05-09T09:15:16.759944Z,baseline,analyze_frame,_QVQCHGn0mM,1442,76,1518,5266.0,False,t=3636s
2026-05-09T09:15:23.742422Z,baseline,analyze_frame,_QVQCHGn0mM,1442,82,1524,4510.8,False,t=3644s
2026-05-09T09:15:28.457449Z,baseline,analyze_frame,_QVQCHGn0mM,1442,47,1489,5195.2,False,t=3648s
2026-05-09T09:15:31.860488Z,baseline,analyze_frame,_QVQCHGn0mM,1442,74,1516,4644.4,False,t=3652s
2026-05-09T09:15:35.978351Z,baseline,analyze_frame,_QVQCHGn0mM,1442,101,1543,4842.4,False,t=3656s
2026-05-09T09:15:42.275317Z,baseline,analyze_frame,_QVQCHGn0mM,1442,62,1504,7053.6,False,t=3660s
2026-05-09T09:15:47.193299Z,baseline,analyze_frame,_QVQCHGn0mM,1442,83,1525,7996.7,False,t=3664s
2026-05-09T09:15:52.310131Z,baseline,analyze_frame,_QVQCHGn0mM,1442,62,1504,4900.5,False,t=3672s
2026-05-09T09:15:59.596901Z,baseline,analyze_frame,_QVQCHGn0mM,1442,83,1525,8374.2,False,t=3676s
2026-05-09T09:15:59.655345Z,baseline,analyze_frame,_QVQCHGn0mM,1442,95,1537,4514.6,False,t=3680s
2026-05-09T09:16:07.465371Z,baseline,analyze_frame,_QVQCHGn0mM,1442,64,1506,4230.4,False,t=3688s
2026-05-09T09:16:17.502824Z,baseline,analyze_frame,_QVQCHGn0mM,1442,82,1524,6057.2,False,t=3696s
2026-05-09T09:16:18.819204Z,baseline,analyze_frame,_QVQCHGn0mM,1442,79,1521,11638.1,False,t=3692s
2026-05-09T09:16:25.006812Z,baseline,analyze_frame,_QVQCHGn0mM,1442,84,1526,5696.6,False,t=3704s
2026-05-09T09:16:33.378062Z,baseline,analyze_frame,_QVQCHGn0mM,1442,62,1504,6049.0,False,t=3712s
2026-05-09T09:16:35.980612Z,baseline,analyze_frame,_QVQCHGn0mM,1442,90,1532,12623.2,False,t=3708s
2026-05-09T09:16:39.636161Z,baseline,analyze_frame,_QVQCHGn0mM,1442,65,1507,4253.7,False,t=3720s
2026-05-09T09:16:44.312454Z,baseline,analyze_frame,_QVQCHGn0mM,1442,67,1509,5020.8,False,t=3724s
2026-05-09T09:16:48.168585Z,baseline,analyze_frame,_QVQCHGn0mM,1442,80,1522,4878.5,False,t=3728s
2026-05-09T09:16:52.773301Z,baseline,analyze_frame,_QVQCHGn0mM,1442,82,1524,5404.9,False,t=3732s
2026-05-09T09:16:56.888687Z,baseline,analyze_frame,_QVQCHGn0mM,1442,68,1510,5521.7,False,t=3736s
2026-05-09T09:17:00.526867Z,baseline,analyze_frame,_QVQCHGn0mM,1442,73,1515,5163.3,False,t=3740s
2026-05-09T09:17:08.928626Z,baseline,analyze_frame,_QVQCHGn0mM,1442,80,1522,5587.4,False,t=3748s
2026-05-09T09:17:13.302581Z,baseline,analyze_frame,_QVQCHGn0mM,1442,77,1519,13945.7,False,t=3744s
2026-05-09T09:17:17.215399Z,baseline,analyze_frame,_QVQCHGn0mM,1442,65,1507,5537.5,False,t=3756s
2026-05-09T09:17:24.170221Z,baseline,analyze_frame,_QVQCHGn0mM,1442,68,1510,4797.0,False,t=3764s
2026-05-09T09:17:30.878343Z,baseline,analyze_frame,_QVQCHGn0mM,1442,91,1533,15356.4,False,t=3760s
2026-05-09T09:17:40.578117Z,baseline,analyze_frame,_QVQCHGn0mM,1442,83,1525,5165.3,False,t=3780s
2026-05-09T09:17:41.770904Z,baseline,analyze_frame,_QVQCHGn0mM,1442,56,1498,14397.7,False,t=3772s
2026-05-09T09:17:47.932811Z,baseline,analyze_frame,_QVQCHGn0mM,1442,71,1513,4580.2,False,t=3788s
2026-05-09T09:17:52.071924Z,baseline,analyze_frame,_QVQCHGn0mM,1442,66,1508,4673.2,False,t=3792s
2026-05-09T09:17:56.107052Z,baseline,analyze_frame,_QVQCHGn0mM,1442,66,1508,4646.6,False,t=3796s
2026-05-09T09:17:59.755297Z,baseline,analyze_frame,_QVQCHGn0mM,1442,79,1521,4368.9,False,t=3800s
2026-05-09T09:18:04.133733Z,baseline,analyze_frame,_QVQCHGn0mM,1442,57,1499,4651.4,False,t=3804s
2026-05-09T09:18:07.841631Z,baseline,analyze_frame,_QVQCHGn0mM,1442,54,1496,4477.7,False,t=3808s
2026-05-09T09:18:13.949119Z,baseline,analyze_frame,_QVQCHGn0mM,1442,72,1514,6535.7,False,t=3812s
2026-05-09T09:18:18.271272Z,baseline,analyze_frame,_QVQCHGn0mM,1442,80,1522,6558.6,False,t=3816s
2026-05-09T09:18:20.900267Z,baseline,analyze_frame,_QVQCHGn0mM,1442,77,1519,5243.0,False,t=3820s
2026-05-09T09:18:28.934052Z,baseline,analyze_frame,_QVQCHGn0mM,1442,55,1497,5480.0,False,t=3828s
2026-05-09T09:18:33.883653Z,baseline,analyze_frame,_QVQCHGn0mM,1442,81,1523,14434.7,False,t=3824s
2026-05-09T09:18:38.623457Z,baseline,analyze_frame,_QVQCHGn0mM,1442,73,1515,7233.2,False,t=3836s
2026-05-09T09:18:41.080526Z,baseline,analyze_frame,_QVQCHGn0mM,1442,60,1502,5602.8,False,t=3840s
2026-05-09T09:18:48.446513Z,baseline,analyze_frame,_QVQCHGn0mM,1442,52,1494,4992.7,False,t=3848s
2026-05-09T09:18:56.827224Z,baseline,analyze_frame,_QVQCHGn0mM,1442,91,1533,5339.8,False,t=3856s
2026-05-09T09:18:57.462236Z,baseline,analyze_frame,_QVQCHGn0mM,1442,88,1530,10022.6,False,t=3852s
2026-05-09T09:19:08.333389Z,baseline,analyze_frame,_QVQCHGn0mM,1442,50,1492,8850.4,False,t=3864s
2026-05-09T09:19:09.951791Z,baseline,analyze_frame,_QVQCHGn0mM,1442,67,1509,6508.8,False,t=3868s
2026-05-09T09:19:19.389921Z,baseline,analyze_frame,_QVQCHGn0mM,1442,61,1503,7585.3,False,t=3876s
2026-05-09T09:19:22.215121Z,baseline,analyze_frame,_QVQCHGn0mM,1442,85,1527,6597.6,False,t=3880s
2026-05-09T09:19:28.709884Z,baseline,analyze_frame,_QVQCHGn0mM,1442,89,1531,4880.2,False,t=3888s
2026-05-09T09:19:34.344887Z,baseline,analyze_frame,_QVQCHGn0mM,1442,91,1533,6700.4,False,t=3892s
2026-05-09T09:19:37.395676Z,baseline,analyze_frame,_QVQCHGn0mM,1442,67,1509,5806.2,False,t=3896s
2026-05-09T09:19:39.059988Z,baseline,analyze_frame,_QVQCHGn0mM,1442,64,1506,3512.0,False,t=3900s
2026-05-09T09:19:44.508437Z,baseline,analyze_frame,_QVQCHGn0mM,1442,76,1518,4957.7,False,t=3904s
2026-05-09T09:19:53.417686Z,baseline,analyze_frame,_QVQCHGn0mM,1442,72,1514,5799.0,False,t=3912s
2026-05-09T09:19:55.377670Z,baseline,analyze_frame,_QVQCHGn0mM,1442,60,1502,11854.6,False,t=3908s
2026-05-09T10:21:10.878241Z,baseline,generate_summary,_QVQCHGn0mM,4354,636,4990,4509.5,False,"frames=670, filtered=80"
2026-05-09T10:21:18.190803Z,baseline,generate_summary,_QVQCHGn0mM,4354,581,4935,4340.6,False,"frames=670, filtered=80"
2026-05-23T16:59:53.584707Z,smart,scoreChatEmotion,,997,70,1067,1240.0,True,score=0.70 | Many users complaining about audio issues with strong reactions.
2026-05-23T17:00:00.573978Z,smart,analyze_frame,Cy3qknbwxZQ,1467,67,1534,4450.9,True,t=7548s
2026-05-23T17:00:02.029579Z,smart,generateMomentInsight,Cy3qknbwxZQ,810,90,900,1413.4,True,t=125:48
2026-05-23T17:00:09.199697Z,smart,scoreChatEmotion,,1051,47,1098,1031.8,True,score=0.60 | Multiple users reporting audio issues and showing excitement.
2026-05-23T17:00:29.492515Z,smart,scoreChatEmotion,,1033,54,1087,1213.3,True,score=0.70 | High intensity due to strong opinions and exclamation marks.
2026-05-23T17:00:33.983120Z,smart,analyze_frame,Cy3qknbwxZQ,1467,80,1547,3115.9,True,t=7584s
2026-05-23T17:00:35.227338Z,smart,generateMomentInsight,Cy3qknbwxZQ,884,78,962,1205.1,True,t=126:24
2026-05-23T17:00:45.455558Z,smart,scoreChatEmotion,,1044,59,1103,1271.7,True,score=0.70 | Multiple political opinions expressed with some capitalization/exclamations.
2026-05-23T17:00:49.751592Z,smart,analyze_frame,Cy3qknbwxZQ,1467,91,1558,2931.2,True,t=7600s
2026-05-23T17:00:51.388695Z,smart,generateMomentInsight,Cy3qknbwxZQ,882,98,980,1557.9,True,t=126:40
2026-05-23T17:07:19.385095Z,smart,scoreChatEmotion,,780,75,855,1484.1,True,"score=0.60 | Multiple messages showing excitement, support, and strong opinions."
2026-05-23T17:07:22.721233Z,smart,scoreChatEmotion,,758,50,808,932.6,True,score=0.70 | Multiple messages expressing strong positive and negative opinions.
2026-05-23T17:07:27.882423Z,smart,analyze_frame,Cy3qknbwxZQ,1467,68,1535,3594.4,True,t=6490s
2026-05-23T17:07:29.437421Z,smart,generateMomentInsight,Cy3qknbwxZQ,658,109,767,1515.6,True,t=108:10
2026-05-23T17:07:42.935639Z,smart,scoreChatEmotion,,817,54,871,1080.1,True,"score=0.70 | Multiple messages with strong pro-Trump sentiments, caps, and repetition."
2026-05-23T17:07:47.274781Z,smart,analyze_frame,Cy3qknbwxZQ,1467,53,1520,3052.7,True,t=6510s
2026-05-23T17:07:48.568486Z,smart,generateMomentInsight,Cy3qknbwxZQ,711,95,806,1258.4,True,t=108:30
2026-05-23T17:08:02.897060Z,smart,scoreChatEmotion,,896,50,946,1061.2,True,score=0.70 | High intensity due to Trump support and caps usage.
2026-05-23T17:08:07.272784Z,smart,analyze_frame,Cy3qknbwxZQ,1467,49,1516,3132.6,True,t=6530s
2026-05-23T17:08:08.435964Z,smart,generateMomentInsight,Cy3qknbwxZQ,802,86,888,1128.1,True,t=108:50
